Ticket_ID,Ticket_Date,Department,Issue_Type,Channel,Location,Priority,Status,Agent,Resolution_Hours,SLA_Hours,SLA_Breach,CSAT,Root_Cause,Business_Impact,Users_Affected,AI_Priority_Score,AI_Predicted_Priority,AI_Confidence
1,2025-10-11 00:00:00,IT Support,VPN Access,Phone,Indore,Medium,Escalated,Agent_11,10.6,24,0,4,User Error,Low,55,43.3,Medium,0.68
2,2026-06-14 00:00:00,Operations,Cloud Access,Email,Bhopal,Low,Resolved,Agent_10,1.9,48,0,4,Configuration,High,2,28.9,Low,0.85
3,2026-03-28 00:00:00,HR,Wi-Fi Issue,Teams,Indore,Medium,Resolved,Agent_13,9.3,24,0,5,Hardware,Low,12,40.2,Medium,0.7
4,2025-10-15 00:00:00,Sales,Application Error,Phone,Indore,Medium,Resolved,Agent_02,5.3,24,0,4,Security Policy,Low,15,43.2,Medium,0.72
5,2025-09-10 00:00:00,Sales,VPN Access,Phone,Gurugram,Medium,Resolved,Agent_08,8,24,0,5,User Error,High,8,55.7,High,0.68
6,2026-01-05 00:00:00,Network Operations,Application Error,Phone,Delhi,Medium,Resolved,Agent_04,10.3,24,0,4,User Error,High,8,61.5,High,0.82
7,2025-07-21 00:00:00,HR,Network Connectivity,Phone,Bhopal,Critical,Resolved,Agent_08,2.7,4,0,3,Access Control,Medium,57,95.7,Critical,0.99
8,2025-10-11 00:00:00,Sales,Password Reset,Phone,Indore,Medium,Escalated,Agent_11,6.2,24,0,5,User Error,High,1,53.7,Medium,0.68
9,2025-10-30 00:00:00,Cybersecurity,Cloud Access,Portal,Indore,Medium,Resolved,Agent_12,1.1,24,0,5,Software Bug,High,7,54.3,Medium,0.74
10,2026-01-31 00:00:00,IT Support,Security Alert,Portal,Delhi,Low,Resolved,Agent_05,6.9,48,0,4,User Error,Medium,17,45.2,Medium,0.79
11,2026-05-27 00:00:00,Sales,Email Issue,portal,Mumbai,Medium,Escalated,Agent_03,11.9,24,0,4,Network Congestion,Medium,14,55.2,High,0.71
12,2025-09-26 00:00:00,HR,Password Reset,Phone,Mumbai,Medium,In Progress,Agent_06,3.9,24,0,4,Software Bug,Medium,3,44.6,Medium,0.66
13,2025-10-08 00:00:00,Engineering,Password Reset,Email,Delhi,Low,Resolved,Agent_11,12.8,48,0,4,Hardware,Low,13,18.9,Low,0.99
14,2026-06-25 00:00:00,Network Operations,Application Error,Teams,Bengaluru,Medium,Closed,Agent_05,18.5,24,0,4,Configuration,High,14,50.2,Medium,0.64
15,2025-11-29 00:00:00,Finance,VPN Access,Phone,Bhopal,Medium,Resolved,Agent_01,3.1,24,0,4,Network Congestion,Medium,10,55.1,High,0.69
16,2025-11-08 00:00:00,Cybersecurity,Wi-Fi Issue,Email,Delhi,Medium,Escalated,Agent_10,2.2,24,0,4,Software Bug,High,6,61.2,High,0.79
17,2025-11-27 00:00:00,Sales,Password Reset,Portal,Gurugram,Critical,In Progress,Agent_06,1.5,4,0,4,Unknown,Low,104,100,Critical,0.99
18,2026-05-05 00:00:00,Network Operations,Network Connectivity,Phone,Delhi,High,Resolved,Agent_15,1,8,0,5,User Error,Low,18,67.8,High,0.8
19,2026-03-15 00:00:00,Engineering,VPN Access,Email,Delhi,High,Resolved,Agent_08,7,8,0,4,Hardware,Low,29,63.9,High,0.85
20,2026-06-09 00:00:00,Operations,Endpoint Performance,Portal,Gurugram,High,Escalated,Agent_05,2.6,8,0,5,Security Policy,Low,32,67.5,High,0.85
21,2026-04-20 00:00:00,Engineering,Security Alert,Teams,Bhopal,Medium,Resolved,Agent_01,8,24,0,3,Software Bug,Medium,6,69.5,High,0.8
22,2026-01-08 00:00:00,HR,Cloud Access,Email,Bhopal,High,Resolved,Agent_15,2.1,8,0,5,Configuration,Low,19,70.9,High,0.98
23,2026-04-03 00:00:00,Network Operations,Security Alert,Portal,Pune,High,Resolved,Agent_12,1,8,0,4,Unknown,High,12,92.6,Critical,0.99
24,2025-12-08 00:00:00,Engineering,Email Issue,Teams,Indore,Low,Escalated,Agent_06,4.8,48,0,5,Security Policy,Medium,28,38.9,Medium,0.78
25,2026-05-10 00:00:00,Engineering,Application Error,Email,Mumbai,Medium,Escalated,Agent_01,1.4,24,0,5,Security Policy,Low,4,44.9,Medium,0.62
26,2025-07-22 00:00:00,Network Operations,Security Alert,Portal,Indore,Medium,Closed,Agent_07,8.3,24,0,4,Hardware,Low,35,57.3,High,0.74
27,2026-03-10 00:00:00,Engineering,Endpoint Performance,Portal,Delhi,High,Closed,Agent_01,3.9,8,0,5,Configuration,High,23,85.5,Critical,0.99
28,2026-02-21 00:00:00,HR,VPN Access,Portal,Bengaluru,High,Resolved,Agent_03,3.2,8,0,4,Security Policy,Medium,11,63.6,High,0.79
29,2026-06-10 00:00:00,Operations,Network Connectivity,Phone,Delhi,High,Resolved,Agent_12,2.1,8,0,3,Unknown,Medium,31,76.3,Critical,0.94
30,2025-08-18 00:00:00,HR,Password Reset,Phone,Indore,Critical,In Progress,Agent_01,2.7,4,0,4,Access Control,High,118,100,Critical,0.99
31,2025-08-28 00:00:00,IT Support,Network Connectivity,Teams,Gurugram,Critical,In Progress,Agent_09,4.6,4,1,3,User Error,Low,40,87.4,Critical,0.99
32,2025-12-17 00:00:00,Network Operations,Password Reset,Email,Mumbai,High,Closed,Agent_04,15.4,8,1,3,Configuration,Low,46,67.8,High,0.8
33,2026-01-04 00:00:00,Network Operations,Cloud Access,Teams,Mumbai,Medium,In Progress,Agent_15,6.5,24,0,5,Network Congestion,Medium,6,57.4,High,0.78
34,2026-03-28 00:00:00,Sales,Email Issue,Portal,Pune,Medium,Escalated,Agent_05,27.9,24,1,3,Unknown,High,29,60.5,High,0.75
35,2026-01-06 00:00:00,Network Operations,Security Alert,Email,Bengaluru,High,In Progress,Agent_09,8.5,8,1,2,Software Bug,Low,27,75.8,Critical,0.99
36,2025-12-22 00:00:00,Finance,Wi-Fi Issue,Portal,Pune,High,Resolved,Agent_03,3.6,8,0,4,Unknown,Medium,17,68.2,High,0.82
37,2025-08-20 00:00:00,Finance,Wi-Fi Issue,Email,Mumbai,High,Resolved,Agent_15,5.4,8,0,5,Hardware,High,15,86.7,Critical,0.99
38,2026-06-29 00:00:00,Network Operations,Endpoint Performance,Email,Mumbai,Medium,Resolved,Agent_10,6.8,24,0,5,Software Bug,Medium,55,56.7,High,0.71
39,2025-08-24 00:00:00,HR,Security Alert,Phone,Gurugram,High,Resolved,Agent_07,3.1,8,0,5,Network Congestion,Low,37,75,Critical,0.83
40,2026-03-01 00:00:00,IT Support,Network Connectivity,Phone,Delhi,Medium,Resolved,Agent_12,3.8,24,0,3,Unknown,Low,15,38.2,Medium,0.85
41,2026-05-16 00:00:00,Operations,Wi-Fi Issue,Email,Bhopal,Low,Escalated,Agent_09,1.8,48,0,4,Configuration,Low,1,16.6,Low,0.98
42,2025-11-08 00:00:00,Cybersecurity,Security Alert,Teams,Indore,Low,Resolved,Agent_15,3.8,48,0,4,Access Control,Low,26,47.1,Medium,0.64
43,2026-05-03 00:00:00,HR,Email Issue,Email,Pune,High,Closed,Agent_03,5.1,8,0,4,Software Bug,High,30,90.2,Critical,0.99
44,2025-11-12 00:00:00,Cybersecurity,Password Reset,Teams,Bhopal,Low,Resolved,Agent_13,2.2,48,0,4,Software Bug,Medium,8,33.9,Low,0.78
45,2025-07-21 00:00:00,Cybersecurity,Endpoint Performance,Email,Bengaluru,High,Closed,Agent_14,1,8,0,4,Unknown,Low,15,64.7,High,0.8
46,2026-05-25 00:00:00,Finance,Security Alert,Portal,Indore,Low,Resolved,Agent_06,4.4,48,0,3,Network Congestion,Medium,2,49.3,Medium,0.73
47,2025-12-14 00:00:00,Finance,VPN Access,Phone,Mumbai,High,Escalated,Agent_01,4.8,8,0,5,User Error,High,23,88.7,Critical,0.99
48,2026-03-31 00:00:00,Cybersecurity,Endpoint Performance,Phone,Bhopal,Low,Closed,Agent_12,6.4,48,0,4,Access Control,Medium,3,31.5,Low,0.84
49,2025-09-27 00:00:00,Network Operations,Application Error,Teams,Gurugram,Low,Resolved,Agent_07,3.8,48,0,4,Configuration,High,1,30.4,Low,0.87
50,2026-05-12 00:00:00,HR,Wi-Fi Issue,Phone,Bengaluru,Low,Escalated,Agent_10,1,48,0,4,Access Control,Medium,5,31.1,Low,0.87
51,2025-07-14 00:00:00,Finance,VPN Access,Phone,Mumbai,Medium,Closed,Agent_05,3.3,24,0,5,Hardware,High,3,58.1,High,0.74
52,2026-02-27 00:00:00,Operations,Email Issue,Teams,Mumbai,High,Resolved,Agent_05,4.8,8,0,4,Security Policy,High,33,80.7,Critical,0.97
53,2026-03-22 00:00:00,IT Support,Wi-Fi Issue,Phone,Pune,Medium,In Progress,Agent_11,11.4,24,0,5,Access Control,High,18,50.9,Medium,0.71
54,2026-06-11 00:00:00,Engineering,Hardware Failure,Teams,Mumbai,Medium,Closed,Agent_03,8.6,24,0,3,User Error,High,7,59.9,High,0.72
55,2025-08-22 00:00:00,Sales,Endpoint Performance,Email,Delhi,Critical,Resolved,Agent_04,1.9,4,0,5,Software Bug,High,67,100,Critical,0.99
56,2026-06-05 00:00:00,IT Support,Password Reset,Email,Indore,Critical,In Progress,Agent_07,1.9,4,0,5,Software Bug,Low,81,95.5,Critical,0.99
57,2025-09-30 00:00:00,Engineering,Application Error,Teams,Indore,Low,Escalated,Agent_15,23.3,48,0,5,User Error,Low,1,25.4,Low,0.99
58,2026-03-21 00:00:00,HR,Application Error,Portal,Delhi,Critical,In Progress,Agent_09,2,4,0,4,Software Bug,Medium,38,87.3,Critical,0.99
59,2025-08-04 00:00:00,Engineering,VPN Access,Portal,Delhi,High,In Progress,Agent_06,11.9,8,1,2,Unknown,High,34,70,High,0.82
60,2026-01-22 00:00:00,Operations,Cloud Access,Teams,Indore,High,Closed,Agent_13,11.9,8,1,3,Software Bug,Medium,35,72.6,High,0.92
61,2025-09-19 00:00:00,Engineering,Endpoint Performance,Portal,Pune,Medium,Escalated,Agent_04,5.9,24,0,4,Network Congestion,Medium,11,43.2,Medium,0.69
62,2025-08-19 00:00:00,Sales,Security Alert,Email,Indore,Medium,Closed,Agent_03,1.7,24,0,4,Software Bug,High,12,86.2,Critical,0.99
63,2026-06-25 00:00:00,Operations,VPN Access,Teams,Pune,High,Closed,Agent_14,4.9,8,0,4,Security Policy,Low,21,58.9,High,0.82
64,2025-07-02 00:00:00,IT Support,Application Error,Teams,Bengaluru,Low,Resolved,Agent_13,3.2,48,0,4,Security Policy,Medium,6,31.3,Low,0.88
65,2025-08-23 00:00:00,HR,Application Error,Teams,Indore,Medium,Closed,Agent_07,3.8,24,0,4,Access Control,Low,15,44.2,Medium,0.59
66,2025-10-14 00:00:00,Cybersecurity,Application Error,Teams,Indore,Critical,In Progress,Agent_10,3,4,0,5,Configuration,Low,83,95.8,Critical,0.99
67,2026-03-17 00:00:00,Operations,VPN Access,Portal,Delhi,High,Resolved,Agent_06,1.6,8,0,4,Software Bug,Medium,42,68.8,High,0.79
68,2026-05-06 00:00:00,Sales,Hardware Failure,Phone,Delhi,High,Resolved,Agent_14,6.8,8,0,5,User Error,Medium,26,74.5,High,0.88
69,2026-01-07 00:00:00,IT Support,Hardware Failure,Email,Pune,Medium,Resolved,Agent_01,2.4,24,0,5,Configuration,High,7,71.2,High,0.77
70,2026-02-03 00:00:00,HR,Email Issue,Email,Gurugram,Low,Resolved,Agent_11,5.3,48,0,4,User Error,Medium,13,23.6,Low,0.95
71,2025-08-13 00:00:00,HR,Cloud Access,Teams,Mumbai,Medium,Resolved,Agent_10,1.8,24,0,4,User Error,Low,5,49,Medium,0.71
72,2025-12-09 00:00:00,Finance,Password Reset,Email,Gurugram,Low,Resolved,Agent_11,1.2,48,0,3,Security Policy,High,11,45.3,Medium,0.73
73,2026-01-18 00:00:00,HR,Application Error,Email,Gurugram,Medium,Escalated,Agent_02,5.4,24,0,5,Network Congestion,Low,3,32.2,Low,0.91
74,2026-03-27 00:00:00,Network Operations,Cloud Access,Email,Pune,Medium,Escalated,Agent_02,1.7,24,0,3,Access Control,Medium,21,49.4,Medium,0.63
75,2026-06-16 00:00:00,Operations,Network Connectivity,Teams,Bhopal,Medium,Resolved,Agent_15,7.8,24,0,5,Unknown,High,3,52.9,Medium,0.72
76,2026-04-30 00:00:00,Operations,Password Reset,Portal,Mumbai,Medium,Escalated,Agent_10,1.8,24,0,4,Unknown,Medium,3,41.7,Medium,0.73
77,2026-03-28 00:00:00,Operations,Hardware Failure,Phone,Pune,High,Resolved,Agent_04,4.5,8,0,4,Unknown,Medium,29,72,High,0.89
78,2026-01-31 00:00:00,Operations,Cloud Access,Phone,Bhopal,Medium,Resolved,Agent_08,3.7,24,0,5,Software Bug,Low,21,41,Medium,0.74
79,2026-03-09 00:00:00,Finance,Security Alert,Phone,Pune,Critical,Escalated,Agent_01,3.3,4,0,4,Software Bug,Medium,106,100,Critical,0.99
80,2026-01-06 00:00:00,HR,VPN Access,Teams,Bengaluru,High,Resolved,Agent_11,7.4,8,0,4,Unknown,High,30,93.9,Critical,0.99
81,2026-04-22 00:00:00,IT Support,Hardware Failure,Email,Pune,Medium,Escalated,Agent_05,4.8,24,0,3,Access Control,Low,3,40.7,Medium,0.66
82,2026-01-29 00:00:00,Sales,Hardware Failure,Teams,Mumbai,Medium,Resolved,Agent_08,4.2,24,0,5,Network Congestion,High,11,66.3,High,0.71
83,2026-01-24 00:00:00,Finance,Endpoint Performance,Portal,Bhopal,High,Resolved,Agent_09,9.5,8,1,4,Hardware,Low,29,70.9,High,0.91
84,2026-02-22 00:00:00,HR,Email Issue,Teams,Pune,High,In Progress,Agent_02,12.9,8,1,3,Software Bug,High,27,78.6,Critical,0.91
85,2026-06-03 00:00:00,HR,Endpoint Performance,Phone,Indore,Medium,Escalated,Agent_03,4.2,24,0,5,Network Congestion,High,9,55.5,High,0.84
86,2025-08-22 00:00:00,IT Support,Network Connectivity,Phone,Mumbai,Critical,Escalated,Agent_14,4.7,4,1,2,Configuration,Medium,44,92.7,Critical,0.99
87,2026-04-06 00:00:00,Finance,Cloud Access,Teams,Bengaluru,Medium,Resolved,Agent_05,13.3,24,0,5,Unknown,Low,1,39.6,Medium,0.75
88,2026-02-02 00:00:00,Network Operations,VPN Access,Teams,Bengaluru,Low,Escalated,Agent_01,5.9,48,0,4,Hardware,High,14,37.4,Medium,0.69
89,2026-03-09 00:00:00,Finance,Password Reset,Email,Indore,Low,Closed,Agent_10,19.4,48,0,3,Software Bug,High,10,38.8,Medium,0.69
90,2026-01-04 00:00:00,Operations,Wi-Fi Issue,Teams,Bengaluru,Medium,In Progress,Agent_05,10.6,24,0,5,Configuration,Medium,3,47.1,Medium,0.64
91,2025-08-10 00:00:00,Network Operations,Cloud Access,Portal,Mumbai,Medium,Escalated,Agent_03,4.2,24,0,5,Software Bug,Low,23,39.1,Medium,0.72
92,2025-12-04 00:00:00,Network Operations,Password Reset,Portal,Bhopal,Medium,Escalated,Agent_08,4.1,24,0,4,Network Congestion,High,12,63.1,High,0.76
93,2025-07-15 00:00:00,HR,Network Connectivity,Phone,Mumbai,Medium,Closed,Agent_11,16.1,24,0,4,Software Bug,Low,1,33.5,Low,0.81
94,2026-04-27 00:00:00,HR,Endpoint Performance,Teams,Bhopal,Medium,Escalated,Agent_15,9.1,24,0,4,Network Congestion,Low,7,35.6,Medium,0.81
95,2025-09-03 00:00:00,Network Operations,Password Reset,Email,Indore,High,In Progress,Agent_15,10.3,8,1,4,Network Congestion,High,26,85.8,Critical,0.98
96,2026-06-10 00:00:00,Network Operations,Hardware Failure,Teams,Mumbai,Medium,Closed,Agent_09,2.2,24,0,5,Unknown,Medium,8,46.8,Medium,0.72
97,2026-05-23 00:00:00,Network Operations,Hardware Failure,Email,Bengaluru,High,In Progress,Agent_02,1.2,8,0,4,Software Bug,Medium,11,73,High,0.82
98,2025-07-09 00:00:00,IT Support,Cloud Access,Phone,Gurugram,Low,Resolved,Agent_09,11.5,48,0,5,Unknown,Medium,12,28.9,Low,0.88
99,2026-06-09 00:00:00,Cybersecurity,Endpoint Performance,Teams,Mumbai,High,Resolved,Agent_07,4.7,8,0,4,Access Control,Medium,22,70.2,High,0.86
100,2025-11-06 00:00:00,Network Operations,Security Alert,Portal,Pune,Medium,Closed,Agent_11,10.2,24,0,5,Security Policy,Medium,4,52.7,Medium,0.7
101,2025-11-13 00:00:00,IT Support,Wi-Fi Issue,Teams,Bhopal,Medium,Resolved,Agent_13,5.4,24,0,4,Security Policy,Low,10,45.2,Medium,0.76
102,2025-09-01 00:00:00,IT Support,Wi-Fi Issue,Teams,Bengaluru,Low,In Progress,Agent_10,7.6,48,0,4,Unknown,Medium,1,29,Low,0.87
103,2025-11-16 00:00:00,IT Support,Hardware Failure,Portal,Pune,Medium,Resolved,Agent_15,6.6,24,0,3,Unknown,Medium,2,54.5,Medium,0.7
104,2025-09-19 00:00:00,IT Support,VPN Access,Portal,Mumbai,Medium,In Progress,Agent_09,6,24,0,4,Security Policy,Low,17,42.2,Medium,0.69
105,2025-12-10 00:00:00,HR,VPN Access,Email,Bengaluru,Critical,Escalated,Agent_15,4.1,4,1,3,Network Congestion,Low,87,95.3,Critical,0.99
106,2026-04-15 00:00:00,Finance,Wi-Fi Issue,Teams,Delhi,Medium,Closed,Agent_08,3.4,24,0,4,Hardware,Low,8,35.9,Medium,0.79
107,2026-03-18 00:00:00,HR,Application Error,Portal,Delhi,Low,Closed,Agent_15,14.9,48,0,4,Network Congestion,Medium,4,27.3,Low,0.84
108,2026-02-16 00:00:00,Finance,Network Connectivity,Phone,Delhi,High,Escalated,Agent_08,1,8,0,5,Unknown,Medium,20,69.6,High,0.84
109,2025-08-10 00:00:00,Sales,Security Alert,Teams,Bengaluru,Critical,Resolved,Agent_10,8.9,4,1,4,Security Policy,High,57,100,Critical,0.99
110,2025-07-28 00:00:00,Operations,Email Issue,Email,Pune,High,Escalated,Agent_11,1.3,8,0,5,Hardware,Medium,28,79.4,Critical,0.99
111,2025-11-12 00:00:00,IT Support,Hardware Failure,Portal,Gurugram,Critical,Resolved,Agent_02,1.2,4,0,5,Unknown,Low,87,92.1,Critical,0.99
112,2026-01-17 00:00:00,Cybersecurity,Network Connectivity,Teams,Delhi,High,Resolved,Agent_13,1.4,8,0,4,Network Congestion,Low,45,62.9,High,0.81
113,2026-05-24 00:00:00,Operations,Security Alert,Email,Delhi,Medium,Escalated,Agent_07,17.2,24,0,5,Access Control,High,10,68.2,High,0.82
114,2026-03-25 00:00:00,IT Support,Hardware Failure,Email,Indore,Medium,Resolved,Agent_12,16.1,24,0,4,User Error,Low,7,43.9,Medium,0.72
115,2025-08-02 00:00:00,Network Operations,Application Error,Email,Bengaluru,Low,Resolved,Agent_01,7.1,48,0,5,Access Control,Low,4,22.6,Low,0.98
116,2025-08-17 00:00:00,Finance,Network Connectivity,Phone,Pune,Medium,Resolved,Agent_07,2.8,24,0,5,Hardware,High,20,60.8,High,0.77
117,2025-08-31 00:00:00,Cybersecurity,Password Reset,Email,Gurugram,High,In Progress,Agent_08,5.3,8,0,5,Hardware,High,27,86.9,Critical,0.99
118,2026-02-01 00:00:00,Engineering,Email Issue,Phone,Bengaluru,Medium,Resolved,Agent_15,6.1,24,0,5,Network Congestion,Medium,7,44.1,Medium,0.77
119,2026-04-19 00:00:00,Cybersecurity,Wi-Fi Issue,Email,Bengaluru,High,In Progress,Agent_07,6.5,8,0,4,Network Congestion,Medium,29,69.4,High,0.78
120,2025-10-07 00:00:00,Finance,Hardware Failure,Portal,Bengaluru,High,Resolved,Agent_10,8.2,8,1,3,Access Control,Low,23,64.3,High,0.83
121,2025-12-19 00:00:00,Finance,Cloud Access,Phone,Bhopal,Critical,Escalated,Agent_01,1,4,0,5,Configuration,Medium,62,93.9,Critical,0.99
122,2026-06-25 00:00:00,Engineering,Cloud Access,Phone,Delhi,High,In Progress,Agent_11,8.8,8,1,2,Software Bug,Medium,31,76,Critical,0.91
123,2026-01-30 00:00:00,Finance,Cloud Access,Portal,Mumbai,Low,Escalated,Agent_01,19.9,48,0,4,Network Congestion,High,6,35.5,Medium,0.73
124,2025-08-04 00:00:00,IT Support,Hardware Failure,Phone,Mumbai,Low,Resolved,Agent_12,14.4,48,0,5,Security Policy,Medium,12,24,Low,0.84
125,2026-02-12 00:00:00,HR,Password Reset,Portal,Delhi,Medium,Resolved,Agent_09,6.6,24,0,4,Network Congestion,High,3,61.9,High,0.85
126,2025-10-09 00:00:00,Finance,Password Reset,Teams,Delhi,Medium,Resolved,Agent_08,19.6,24,0,5,User Error,Low,6,43.4,Medium,0.68
127,2025-11-08 00:00:00,HR,Password Reset,Teams,Delhi,High,Resolved,Agent_07,1,8,0,5,Configuration,Low,38,69.1,High,0.91
128,2026-03-14 00:00:00,Network Operations,Endpoint Performance,Teams,Pune,Medium,Escalated,Agent_10,7.2,24,0,4,Security Policy,Medium,7,43.8,Medium,0.71
129,2025-07-05 00:00:00,Network Operations,Security Alert,Portal,Bengaluru,Low,In Progress,Agent_15,14.8,48,0,5,Software Bug,Medium,5,43.3,Medium,0.73
130,2026-02-03 00:00:00,Engineering,VPN Access,Phone,Mumbai,Medium,Resolved,Agent_01,14.6,24,0,4,Network Congestion,Low,10,40.4,Medium,0.75
131,2026-03-12 00:00:00,Network Operations,Hardware Failure,Email,Indore,High,Resolved,Agent_06,2.8,8,0,3,Security Policy,Medium,23,69.9,High,0.85
132,2026-06-24 00:00:00,Cybersecurity,Cloud Access,Teams,Mumbai,Low,Closed,Agent_07,14.5,48,0,4,Network Congestion,High,20,38.5,Medium,0.79
133,2026-04-09 00:00:00,Sales,Network Connectivity,Portal,Bengaluru,Medium,Resolved,Agent_02,15.5,24,0,4,Access Control,Medium,13,43.2,Medium,0.66
134,2026-01-23 00:00:00,Sales,Wi-Fi Issue,Email,Bengaluru,Medium,Resolved,Agent_02,4,24,0,5,Software Bug,Medium,12,59,High,0.79
135,2025-07-15 00:00:00,IT Support,Cloud Access,Email,Delhi,Medium,Resolved,Agent_04,25.4,24,1,4,User Error,High,7,64.6,High,0.82
136,2026-06-11 00:00:00,HR,Wi-Fi Issue,Portal,Delhi,High,Resolved,Agent_15,1.9,8,0,5,Configuration,Low,37,69.2,High,0.81
137,2025-08-11 00:00:00,Cybersecurity,Endpoint Performance,Portal,Gurugram,Medium,Resolved,Agent_11,5.2,24,0,4,Configuration,Low,8,48.2,Medium,0.71
138,2025-12-26 00:00:00,IT Support,Password Reset,Phone,Delhi,High,In Progress,Agent_03,3.1,8,0,5,Network Congestion,Medium,20,65.5,High,0.83
139,2025-09-01 00:00:00,Cybersecurity,Network Connectivity,Teams,Gurugram,Medium,Resolved,Agent_08,18.6,24,0,4,Access Control,Medium,4,49.1,Medium,0.59
140,2026-06-17 00:00:00,Network Operations,Wi-Fi Issue,Teams,Gurugram,Medium,In Progress,Agent_12,2.9,24,0,4,Network Congestion,Low,21,31.5,Low,0.78
141,2026-02-16 00:00:00,IT Support,Hardware Failure,Email,Bengaluru,High,Closed,Agent_08,3.8,8,0,4,Unknown,High,29,77.9,Critical,0.88
142,2026-02-26 00:00:00,Network Operations,VPN Access,Phone,Gurugram,Medium,Resolved,Agent_10,2.4,24,0,2,Access Control,Medium,18,44,Medium,0.72
143,2025-08-21 00:00:00,Finance,Application Error,Teams,Gurugram,Medium,Resolved,Agent_02,1.4,24,0,5,Software Bug,High,9,52.7,Medium,0.66
144,2025-10-04 00:00:00,Engineering,Application Error,Portal,Bengaluru,Medium,Closed,Agent_07,7.1,24,0,5,User Error,Medium,13,54.6,Medium,0.66
145,2026-02-07 00:00:00,Operations,Security Alert,Phone,Mumbai,Medium,Resolved,Agent_15,8.6,24,0,4,Unknown,High,8,75.5,Critical,0.92
146,2026-02-16 00:00:00,Network Operations,VPN Access,Email,Bhopal,Medium,Escalated,Agent_06,4,24,0,4,Hardware,High,11,56.3,High,0.73
147,2026-02-22 00:00:00,IT Support,Wi-Fi Issue,Phone,Mumbai,Low,Resolved,Agent_13,5.4,48,0,3,Security Policy,High,3,33.3,Low,0.83
148,2025-11-20 00:00:00,Finance,Network Connectivity,Phone,Pune,Medium,In Progress,Agent_03,11.2,24,0,5,Unknown,Low,6,41.1,Medium,0.79
149,2025-12-18 00:00:00,Network Operations,Email Issue,Phone,Delhi,Medium,Resolved,Agent_10,4.6,24,0,4,Software Bug,Medium,5,56.8,High,0.73
150,2025-07-29 00:00:00,IT Support,Application Error,Phone,Bhopal,Low,Escalated,Agent_15,11.4,48,0,3,Access Control,Medium,36,40.2,Medium,0.77
151,2025-08-05 00:00:00,IT Support,Security Alert,Portal,Delhi,Medium,Escalated,Agent_02,9.1,24,0,4,Hardware,Medium,7,60.5,High,0.78
152,2025-07-13 00:00:00,Network Operations,Network Connectivity,Portal,Bengaluru,Medium,Resolved,Agent_06,2.7,24,0,5,Network Congestion,Low,6,37.7,Medium,0.71
153,2025-12-07 00:00:00,Network Operations,Security Alert,Email,Indore,Medium,In Progress,Agent_11,17.4,24,0,4,User Error,Low,14,53.7,Medium,0.73
154,2026-05-23 00:00:00,Engineering,Endpoint Performance,Teams,Bengaluru,Medium,Closed,Agent_04,8.6,24,0,4,User Error,Medium,4,41.9,Medium,0.7
155,2026-01-03 00:00:00,Operations,Security Alert,Email,Pune,High,In Progress,Agent_11,1.8,8,0,4,Network Congestion,Medium,29,93.5,Critical,0.99
156,2026-02-28 00:00:00,HR,Network Connectivity,Teams,Gurugram,Low,Resolved,Agent_04,6.5,48,0,5,Hardware,Medium,16,34.9,Low,0.9
157,2025-09-24 00:00:00,Finance,Endpoint Performance,Phone,Bhopal,Low,Escalated,Agent_03,12.6,48,0,5,Hardware,Medium,3,27,Low,0.79
158,2026-04-10 00:00:00,HR,Application Error,Phone,Bhopal,Medium,Escalated,Agent_07,9.8,24,0,5,Configuration,Low,26,41.3,Medium,0.78
159,2025-09-04 00:00:00,Network Operations,Hardware Failure,Phone,Gurugram,Medium,Closed,Agent_11,10,24,0,5,Security Policy,High,6,50.3,Medium,0.7
160,2025-12-17 00:00:00,Network Operations,Endpoint Performance,Teams,Bhopal,Critical,Resolved,Agent_14,1.4,4,0,3,Access Control,High,93,100,Critical,0.99
161,2025-08-14 00:00:00,Operations,VPN Access,Email,Indore,Medium,Closed,Agent_02,7.6,24,0,5,Security Policy,High,6,59.9,High,0.75
162,2025-08-31 00:00:00,Sales,Endpoint Performance,Portal,Pune,High,Resolved,Agent_02,7.7,8,0,4,Software Bug,High,31,88.9,Critical,0.99
163,2025-11-11 00:00:00,Sales,Security Alert,Portal,Indore,Medium,Resolved,Agent_03,16.8,24,0,5,Hardware,Low,15,53.4,Medium,0.67
164,2026-04-10 00:00:00,Cybersecurity,VPN Access,Teams,Bengaluru,High,In Progress,Agent_15,2.5,8,0,3,Access Control,Medium,41,74,High,0.88
165,2025-07-28 00:00:00,Cybersecurity,Security Alert,Teams,Bhopal,High,Escalated,Agent_05,1,8,0,5,Configuration,Medium,36,74.7,High,0.82
166,2025-10-16 00:00:00,Network Operations,Security Alert,Phone,Bengaluru,High,Resolved,Agent_02,18.4,8,1,3,User Error,Medium,25,87.4,Critical,0.99
167,2025-08-13 00:00:00,Operations,Cloud Access,Teams,Gurugram,Medium,Escalated,Agent_08,1,24,0,4,Software Bug,Low,3,37.5,Medium,0.82
168,2026-06-05 00:00:00,Engineering,Security Alert,Portal,Bhopal,High,Resolved,Agent_09,4.6,8,0,5,Hardware,High,13,94.9,Critical,0.99
169,2026-04-12 00:00:00,HR,Network Connectivity,Teams,Bengaluru,High,In Progress,Agent_06,4.5,8,0,5,Network Congestion,Low,21,64.2,High,0.83
170,2026-05-27 00:00:00,Operations,Application Error,Phone,Mumbai,Medium,Escalated,Agent_06,12,24,0,3,User Error,High,14,61.8,High,0.75
171,2025-11-05 00:00:00,Network Operations,Security Alert,Teams,Pune,Medium,Escalated,Agent_14,10.1,24,0,5,Hardware,High,19,76.2,Critical,0.87
172,2026-06-13 00:00:00,Network Operations,Security Alert,Portal,Pune,Medium,Escalated,Agent_11,12.6,24,0,4,Security Policy,High,19,71.2,High,0.95
173,2026-02-16 00:00:00,Network Operations,Password Reset,Phone,Gurugram,Medium,Resolved,Agent_11,2.5,24,0,4,User Error,Low,17,36.3,Medium,0.79
174,2026-01-06 00:00:00,Sales,Application Error,Email,Pune,Medium,Resolved,Agent_13,9.3,24,0,3,Unknown,Medium,22,51.2,Medium,0.68
175,2026-02-10 00:00:00,HR,Email Issue,Portal,Indore,Low,Resolved,Agent_13,27.6,48,0,4,Configuration,High,5,37.7,Medium,0.7
176,2026-04-09 00:00:00,Cybersecurity,Security Alert,Teams,Indore,Medium,Escalated,Agent_13,13.7,24,0,4,Hardware,High,9,70.1,High,0.86
177,2025-10-29 00:00:00,IT Support,Hardware Failure,Teams,Pune,Medium,Resolved,Agent_10,13.7,24,0,4,Network Congestion,Medium,1,55.6,High,0.73
178,2025-10-24 00:00:00,HR,Hardware Failure,Portal,Pune,Critical,Closed,Agent_11,2.4,4,0,4,Unknown,Low,70,88.6,Critical,0.99
179,2026-02-18 00:00:00,Finance,Hardware Failure,Teams,Gurugram,Medium,Resolved,Agent_13,7.4,24,0,4,Hardware,Low,12,29.7,Low,0.87
180,2026-03-16 00:00:00,IT Support,Endpoint Performance,Teams,Delhi,Medium,Resolved,Agent_14,9.2,24,0,5,User Error,High,9,65.1,High,0.81
181,2026-06-24 00:00:00,Network Operations,Endpoint Performance,Portal,Pune,Medium,In Progress,Agent_14,14.6,24,0,4,Security Policy,Low,12,32.6,Low,0.75
182,2026-01-14 00:00:00,HR,VPN Access,Teams,Pune,Critical,Closed,Agent_09,1.2,4,0,4,Access Control,Low,79,89.2,Critical,0.97
183,2025-11-14 00:00:00,Operations,Email Issue,Email,Pune,Medium,Resolved,Agent_14,1.6,24,0,4,Access Control,Low,8,36.6,Medium,0.79
184,2026-05-14 00:00:00,Cybersecurity,Password Reset,Email,Pune,High,Closed,Agent_13,1.6,8,0,4,Unknown,High,17,82,Critical,0.91
185,2025-12-12 00:00:00,IT Support,Hardware Failure,Email,Bhopal,Medium,Resolved,Agent_12,7.3,24,0,4,Security Policy,High,18,62.9,High,0.82
186,2026-02-10 00:00:00,Finance,VPN Access,Portal,Pune,Medium,Resolved,Agent_11,6.8,24,0,3,Unknown,Medium,14,47.1,Medium,0.62
187,2026-05-03 00:00:00,Network Operations,VPN Access,Teams,Gurugram,High,Escalated,Agent_04,4.7,8,0,4,Hardware,High,36,85.9,Critical,0.99
188,2026-02-19 00:00:00,Operations,Endpoint Performance,Email,Gurugram,Medium,In Progress,Agent_03,2.6,24,0,3,User Error,Medium,30,50.2,Medium,0.66
189,2025-12-19 00:00:00,Sales,Wi-Fi Issue,Email,Gurugram,Medium,In Progress,Agent_01,6.2,24,0,5,Security Policy,High,26,58.1,High,0.63
190,2025-11-29 00:00:00,IT Support,Hardware Failure,Teams,Pune,Medium,Resolved,Agent_13,3.7,24,0,4,User Error,Medium,6,48.5,Medium,0.62
191,2026-05-11 00:00:00,HR,Security Alert,Email,Delhi,High,Resolved,Agent_06,4.3,8,0,3,Access Control,Low,14,93,Critical,0.99
192,2025-12-07 00:00:00,Engineering,Password Reset,Teams,Mumbai,Low,Resolved,Agent_12,1.3,48,0,5,Unknown,Low,7,24.2,Low,0.93
193,2025-10-04 00:00:00,Finance,Network Connectivity,Portal,Bhopal,High,Resolved,Agent_09,5.2,8,0,5,Security Policy,Medium,17,76.4,Critical,0.93
194,2026-02-18 00:00:00,Engineering,Wi-Fi Issue,Phone,Bhopal,High,Resolved,Agent_14,4.7,8,0,4,Configuration,Medium,20,66.4,High,0.76
195,2025-12-27 00:00:00,Finance,Security Alert,Email,Delhi,Medium,Closed,Agent_08,3.2,24,0,5,Security Policy,High,15,75.2,Critical,0.96
196,2025-10-21 00:00:00,Cybersecurity,Security Alert,Teams,Mumbai,High,In Progress,Agent_02,10.7,8,1,4,Security Policy,Medium,51,84.8,Critical,0.99
197,2026-05-14 00:00:00,Operations,VPN Access,Portal,Gurugram,Medium,Resolved,Agent_06,7.4,24,0,4,Network Congestion,Low,7,37.8,Medium,0.78
198,2025-08-21 00:00:00,Engineering,Endpoint Performance,Teams,Indore,Medium,Resolved,Agent_01,9.4,24,0,5,Access Control,Medium,5,50.2,Medium,0.73
199,2026-03-25 00:00:00,Operations,Cloud Access,Phone,Mumbai,Critical,Resolved,Agent_06,1.4,4,0,5,Hardware,Low,73,94.2,Critical,0.99
200,2026-04-21 00:00:00,Cybersecurity,Network Connectivity,Teams,Bhopal,Medium,Resolved,Agent_06,3.6,24,0,4,Access Control,High,8,50.9,Medium,0.68
201,2025-10-21 00:00:00,IT Support,Application Error,Portal,Mumbai,Medium,Resolved,Agent_08,3.5,24,0,4,User Error,Medium,7,40.9,Medium,0.7
202,2025-10-09 00:00:00,Cybersecurity,Cloud Access,Phone,Bengaluru,Medium,Resolved,Agent_02,4.5,24,0,4,Configuration,Low,20,43.8,Medium,0.64
203,2025-10-21 00:00:00,Engineering,Password Reset,Teams,Gurugram,Low,Resolved,Agent_08,10.1,48,0,4,Software Bug,High,3,34.9,Low,0.83
204,2025-09-19 00:00:00,Finance,Cloud Access,Teams,Indore,Low,Resolved,Agent_03,13.5,48,0,4,Unknown,Medium,10,35.6,Medium,0.82
205,2026-01-03 00:00:00,Sales,VPN Access,Phone,Mumbai,Low,In Progress,Agent_15,32.4,48,0,4,Network Congestion,Medium,4,31.1,Low,0.75
206,2025-10-21 00:00:00,Cybersecurity,Password Reset,Phone,Gurugram,Medium,Resolved,Agent_04,3.7,24,0,5,Unknown,Low,4,45.2,Medium,0.65
207,2025-07-02 00:00:00,Sales,Network Connectivity,Phone,Bengaluru,High,In Progress,Agent_15,3.5,8,0,5,User Error,Low,41,69.3,High,0.85
208,2025-11-07 00:00:00,Finance,VPN Access,Teams,Mumbai,High,In Progress,Agent_07,1.8,8,0,5,User Error,Medium,39,67.4,High,0.83
209,2026-02-05 00:00:00,Sales,Password Reset,Email,Bengaluru,Medium,In Progress,Agent_03,13.8,24,0,4,Hardware,Medium,14,52.7,Medium,0.67
210,2025-08-23 00:00:00,Operations,Password Reset,Email,Delhi,Low,Resolved,Agent_03,4.4,48,0,4,Hardware,Medium,15,30.4,Low,0.87
211,2026-06-08 00:00:00,HR,Security Alert,Phone,Gurugram,Critical,Resolved,Agent_11,4.7,4,1,4,Network Congestion,Medium,52,100,Critical,0.99
212,2026-02-09 00:00:00,Finance,Password Reset,Email,Gurugram,Medium,In Progress,Agent_03,8.8,24,0,4,Hardware,High,7,50.1,Medium,0.65
213,2026-02-10 00:00:00,Sales,Cloud Access,Email,Delhi,High,Resolved,Agent_13,1.8,8,0,4,Network Congestion,Low,44,66.7,High,0.78
214,2025-11-03 00:00:00,Operations,Email Issue,Email,Bengaluru,High,In Progress,Agent_05,3.3,8,0,4,Unknown,Medium,53,71.3,High,0.91
215,2025-11-07 00:00:00,Operations,Email Issue,Phone,Bengaluru,Low,Resolved,Agent_08,6.4,48,0,5,Security Policy,Low,13,24.9,Low,0.89
216,2025-08-22 00:00:00,Engineering,Hardware Failure,Portal,Pune,Medium,Resolved,Agent_06,8.8,24,0,4,Access Control,High,9,57.4,High,0.85
217,2025-12-19 00:00:00,Cybersecurity,Application Error,Phone,Gurugram,Medium,Resolved,Agent_08,2.7,24,0,4,User Error,Low,7,43.4,Medium,0.75
218,2026-02-03 00:00:00,Engineering,Endpoint Performance,Portal,Indore,Low,Resolved,Agent_14,3.7,48,0,4,Security Policy,Medium,11,28.4,Low,0.89
219,2025-12-07 00:00:00,Cybersecurity,Email Issue,Phone,Gurugram,High,Resolved,Agent_09,7.4,8,0,5,Unknown,Low,27,67.8,High,0.78
220,2026-01-14 00:00:00,Finance,Hardware Failure,Teams,Bhopal,Low,Closed,Agent_08,21.2,48,0,4,Software Bug,High,4,34.9,Low,0.76
221,2026-03-04 00:00:00,Sales,Email Issue,Email,Bhopal,Medium,In Progress,Agent_11,7.4,24,0,3,Unknown,High,6,49.3,Medium,0.62
222,2026-05-20 00:00:00,IT Support,Endpoint Performance,Email,Bengaluru,Low,Resolved,Agent_06,19.2,48,0,4,Security Policy,High,17,49.6,Medium,0.75
223,2026-01-19 00:00:00,IT Support,Security Alert,Teams,Bhopal,High,Resolved,Agent_05,7.3,8,0,4,User Error,Medium,37,93.7,Critical,0.99
224,2025-12-31 00:00:00,Engineering,Application Error,Phone,Delhi,Critical,Escalated,Agent_03,1,4,0,5,User Error,High,46,100,Critical,0.99
225,2025-10-31 00:00:00,Sales,Application Error,Phone,Gurugram,High,Resolved,Agent_09,17.8,8,1,4,Security Policy,Low,55,77.2,Critical,0.94
226,2026-03-12 00:00:00,IT Support,Wi-Fi Issue,Email,Bhopal,Low,Resolved,Agent_09,15,48,0,5,Unknown,Medium,14,25.3,Low,0.94
227,2026-04-20 00:00:00,Cybersecurity,Password Reset,Phone,Gurugram,Medium,Closed,Agent_12,8.1,24,0,3,Network Congestion,High,4,58.6,High,0.75
228,2026-04-06 00:00:00,Sales,Cloud Access,Teams,Mumbai,Medium,Closed,Agent_06,14.3,24,0,5,Access Control,Low,21,38,Medium,0.73
229,2026-05-21 00:00:00,Operations,VPN Access,Phone,Delhi,Critical,Escalated,Agent_10,2.6,4,0,5,Unknown,High,33,94.1,Critical,0.99
230,2025-10-06 00:00:00,HR,Endpoint Performance,Email,Gurugram,Medium,In Progress,Agent_12,6.2,24,0,4,Security Policy,High,5,64.9,High,0.83
231,2026-01-14 00:00:00,HR,Password Reset,Email,Gurugram,High,Resolved,Agent_08,4.8,8,0,3,Access Control,Low,15,73.2,High,0.8
232,2026-02-25 00:00:00,Cybersecurity,Application Error,Teams,Mumbai,Medium,In Progress,Agent_15,6.4,24,0,5,Unknown,High,5,60.6,High,0.76
233,2025-11-21 00:00:00,Cybersecurity,Network Connectivity,Portal,Gurugram,Medium,Escalated,Agent_09,7.7,24,0,4,Security Policy,Medium,11,49.2,Medium,0.77
234,2025-10-05 00:00:00,Cybersecurity,Security Alert,Teams,Gurugram,Medium,Resolved,Agent_13,9.9,24,0,4,Network Congestion,High,7,66.4,High,0.77
235,2026-01-17 00:00:00,Engineering,Cloud Access,Portal,Indore,Medium,Resolved,Agent_05,16,24,0,5,Network Congestion,Low,8,40.5,Medium,0.77
236,2025-11-01 00:00:00,Engineering,Email Issue,Phone,Bengaluru,Medium,Escalated,Agent_05,9,24,0,5,User Error,Medium,7,41.1,Medium,0.77
237,2026-01-03 00:00:00,Operations,Cloud Access,Teams,Delhi,Medium,Resolved,Agent_01,9.1,24,0,5,Network Congestion,Medium,13,54,Medium,0.58
238,2026-05-22 00:00:00,Sales,VPN Access,Teams,Mumbai,Medium,Closed,Agent_04,4.4,24,0,5,Network Congestion,Low,5,44.4,Medium,0.68
239,2026-06-14 00:00:00,Finance,Wi-Fi Issue,Portal,Bhopal,Medium,In Progress,Agent_04,1.6,24,0,4,Configuration,Low,13,27.1,Low,0.98
240,2026-03-16 00:00:00,HR,Wi-Fi Issue,Portal,Bhopal,Low,Resolved,Agent_08,4.4,48,0,4,User Error,High,8,35.6,Medium,0.83
241,2025-11-25 00:00:00,IT Support,Password Reset,Portal,Bengaluru,Medium,Closed,Agent_11,15.4,24,0,3,Software Bug,Medium,5,52.3,Medium,0.62
242,2026-03-09 00:00:00,Sales,Endpoint Performance,Phone,Mumbai,Low,Resolved,Agent_10,13.8,48,0,5,Software Bug,High,29,32.4,Low,0.79
243,2026-06-11 00:00:00,IT Support,Wi-Fi Issue,Portal,Bengaluru,High,Resolved,Agent_13,3.6,8,0,4,Unknown,Low,41,62.2,High,0.7
244,2025-11-24 00:00:00,Finance,Password Reset,Email,Bhopal,Medium,In Progress,Agent_15,7.8,24,0,5,Access Control,Low,2,40.7,Medium,0.73
245,2025-11-25 00:00:00,Engineering,Endpoint Performance,Teams,Indore,High,Closed,Agent_13,1.1,8,0,4,User Error,Medium,15,69.4,High,0.89
246,2026-06-17 00:00:00,Cybersecurity,Security Alert,Teams,Mumbai,Medium,Resolved,Agent_12,11.3,24,0,4,Access Control,Low,22,54.6,Medium,0.69
247,2026-01-15 00:00:00,HR,Endpoint Performance,Portal,Gurugram,High,Closed,Agent_06,5.5,8,0,4,User Error,Medium,50,86.2,Critical,0.98
248,2026-05-04 00:00:00,Network Operations,Application Error,Portal,Indore,Medium,Resolved,Agent_05,7.4,24,0,4,Security Policy,Low,14,46.7,Medium,0.67
249,2025-11-05 00:00:00,Engineering,Email Issue,Phone,Pune,Medium,Escalated,Agent_01,14.2,24,0,4,Network Congestion,High,25,58.6,High,0.78
250,2025-08-08 00:00:00,HR,Security Alert,Email,Mumbai,Medium,Resolved,Agent_07,8,24,0,4,Network Congestion,Low,4,53.7,Medium,0.65
251,2026-06-03 00:00:00,Finance,VPN Access,Phone,Gurugram,Medium,Resolved,Agent_03,11,24,0,4,Unknown,Medium,7,43.6,Medium,0.79
252,2026-06-25 00:00:00,Sales,Cloud Access,Teams,Mumbai,Medium,Closed,Agent_13,4.4,24,0,4,Software Bug,High,2,62.1,High,0.7
253,2025-11-06 00:00:00,Network Operations,Email Issue,Teams,Gurugram,High,Resolved,Agent_01,3.3,8,0,4,Software Bug,High,12,83,Critical,0.99
254,2026-03-24 00:00:00,Cybersecurity,Cloud Access,Portal,Pune,High,Closed,Agent_04,1.4,8,0,4,Unknown,Low,32,68.6,High,0.82
255,2025-11-28 00:00:00,Engineering,VPN Access,Email,Bengaluru,Medium,Closed,Agent_10,4.6,24,0,5,Configuration,Medium,20,58.6,High,0.63
256,2026-04-24 00:00:00,Engineering,Wi-Fi Issue,Phone,Mumbai,Low,Resolved,Agent_12,7.2,48,0,3,Software Bug,Low,15,20.7,Low,0.96
257,2025-10-07 00:00:00,Network Operations,Cloud Access,Email,Bengaluru,Medium,Resolved,Agent_01,5.1,24,0,4,User Error,High,69,67.8,High,0.92
258,2026-03-20 00:00:00,IT Support,Hardware Failure,Phone,Bengaluru,Low,Resolved,Agent_12,1,48,0,5,Security Policy,High,4,38.2,Medium,0.78
259,2026-03-09 00:00:00,Operations,Security Alert,Teams,Delhi,Critical,Closed,Agent_11,3,4,0,3,Hardware,Medium,48,100,Critical,0.99
260,2025-11-21 00:00:00,Network Operations,Security Alert,Portal,Gurugram,Medium,Resolved,Agent_04,5.7,24,0,4,Configuration,High,3,76.8,Critical,0.9
261,2026-06-11 00:00:00,Finance,Network Connectivity,Teams,Mumbai,High,Closed,Agent_14,2.9,8,0,3,Software Bug,High,23,84.1,Critical,0.98
262,2025-10-20 00:00:00,Engineering,Email Issue,Phone,Indore,Medium,Escalated,Agent_01,13.4,24,0,4,Security Policy,Low,5,34.2,Low,0.8
263,2025-08-29 00:00:00,IT Support,Cloud Access,Portal,Indore,Low,In Progress,Agent_08,5,48,0,4,Configuration,Low,8,24.5,Low,0.95
264,2025-07-02 00:00:00,IT Support,Email Issue,Teams,Bengaluru,Medium,Resolved,Agent_03,8.1,24,0,4,Network Congestion,Low,12,40.6,Medium,0.76
265,2026-04-30 00:00:00,Sales,Email Issue,Phone,Indore,Medium,Resolved,Agent_09,6.5,24,0,4,Software Bug,High,9,52.4,Medium,0.69
266,2026-03-11 00:00:00,Finance,Application Error,Phone,Bhopal,Medium,In Progress,Agent_15,1.9,24,0,4,Hardware,High,10,55.7,High,0.79
267,2025-11-17 00:00:00,Engineering,Application Error,Email,Pune,High,Escalated,Agent_09,4.6,8,0,5,Access Control,Medium,42,74.5,High,0.84
268,2025-08-06 00:00:00,Operations,Application Error,Portal,Pune,Medium,In Progress,Agent_04,6.1,24,0,4,Software Bug,Medium,4,48,Medium,0.77
269,2025-12-07 00:00:00,Cybersecurity,Endpoint Performance,Teams,Bhopal,Medium,Closed,Agent_09,11.5,24,0,5,Hardware,High,2,68,High,0.8
270,2025-07-09 00:00:00,HR,Application Error,Phone,Indore,Medium,Resolved,Agent_14,11.5,24,0,5,Access Control,Medium,8,43.9,Medium,0.65
271,2026-02-18 00:00:00,HR,VPN Access,Email,Pune,Medium,In Progress,Agent_01,9.6,24,0,3,User Error,High,24,61.6,High,0.74
272,2025-10-07 00:00:00,HR,Email Issue,Teams,Indore,High,Resolved,Agent_04,6.5,8,0,4,Software Bug,Medium,20,77.7,Critical,0.89
273,2025-11-24 00:00:00,Engineering,VPN Access,Portal,Mumbai,High,Resolved,Agent_09,6.8,8,0,5,Access Control,Medium,20,74,High,0.87
274,2026-04-30 00:00:00,Operations,Endpoint Performance,Teams,Gurugram,Medium,Resolved,Agent_06,8.1,24,0,4,Unknown,Medium,10,41.6,Medium,0.79
275,2026-01-24 00:00:00,Network Operations,Hardware Failure,Teams,Delhi,High,Resolved,Agent_07,8.5,8,1,4,Configuration,Medium,27,70.9,High,0.85
276,2025-11-08 00:00:00,HR,Cloud Access,Portal,Bhopal,Medium,In Progress,Agent_12,5.5,24,0,5,Security Policy,High,12,52.7,Medium,0.59
277,2025-11-29 00:00:00,Cybersecurity,Endpoint Performance,Portal,Pune,Medium,In Progress,Agent_08,15.7,24,0,4,Access Control,Low,16,32.8,Low,0.82
278,2025-08-23 00:00:00,Engineering,Endpoint Performance,Teams,Bengaluru,Low,Resolved,Agent_03,5.6,48,0,5,Unknown,Low,17,18.3,Low,0.9
279,2025-10-28 00:00:00,IT Support,Password Reset,Email,Delhi,High,Escalated,Agent_01,3.2,8,0,5,Security Policy,Low,35,69.2,High,0.83
280,2025-12-08 00:00:00,HR,Password Reset,Email,Mumbai,Low,Resolved,Agent_08,17.2,48,0,5,Access Control,High,4,39,Medium,0.74
281,2025-10-24 00:00:00,Engineering,Network Connectivity,Teams,Bhopal,Low,In Progress,Agent_01,21,48,0,5,Configuration,Medium,23,32.7,Low,0.76
282,2025-09-13 00:00:00,Finance,Wi-Fi Issue,Phone,Bhopal,Medium,Escalated,Agent_07,3.3,24,0,2,Hardware,High,5,54.1,Medium,0.73
283,2025-10-21 00:00:00,Network Operations,VPN Access,Portal,Indore,Medium,In Progress,Agent_14,5.9,24,0,5,Access Control,Medium,9,53.1,Medium,0.71
284,2025-10-12 00:00:00,Operations,Endpoint Performance,Email,Pune,Critical,Closed,Agent_12,6.2,4,1,3,Software Bug,High,59,100,Critical,0.99
285,2026-06-05 00:00:00,Network Operations,Endpoint Performance,Email,Bhopal,Medium,Closed,Agent_08,8.7,24,0,4,Configuration,High,13,62.4,High,0.8
286,2026-03-11 00:00:00,Cybersecurity,Network Connectivity,Email,Bengaluru,High,Escalated,Agent_14,1.1,8,0,5,User Error,Medium,28,65.9,High,0.79
287,2026-02-12 00:00:00,IT Support,Wi-Fi Issue,Portal,Indore,High,Escalated,Agent_05,8.5,8,1,3,Configuration,High,30,79.1,Critical,0.84
288,2025-10-20 00:00:00,Finance,VPN Access,Email,Indore,Critical,Resolved,Agent_10,2.1,4,0,4,Hardware,Low,47,80.3,Critical,0.91
289,2025-10-07 00:00:00,Network Operations,Application Error,Phone,Indore,Medium,In Progress,Agent_11,17.6,24,0,5,Access Control,Medium,6,49.2,Medium,0.71
290,2025-11-30 00:00:00,Cybersecurity,Application Error,Email,Gurugram,High,Resolved,Agent_07,2.3,8,0,5,Software Bug,Low,12,52.5,Medium,0.7
291,2026-06-14 00:00:00,Sales,VPN Access,Teams,Delhi,Medium,Escalated,Agent_13,8.6,24,0,5,Unknown,Medium,32,50.6,Medium,0.64
292,2026-06-03 00:00:00,HR,Hardware Failure,Phone,Gurugram,High,Closed,Agent_10,1.9,8,0,4,Security Policy,Low,30,57.5,High,0.75
293,2026-01-10 00:00:00,Finance,VPN Access,Portal,Mumbai,Low,Resolved,Agent_07,22.2,48,0,4,Hardware,Low,4,29.1,Low,0.82
294,2026-05-06 00:00:00,Sales,Application Error,Phone,Bhopal,Low,Resolved,Agent_06,13.3,48,0,5,Network Congestion,Medium,23,30.5,Low,0.94
295,2025-12-10 00:00:00,Cybersecurity,VPN Access,Email,Indore,Medium,In Progress,Agent_09,6.2,24,0,5,Security Policy,High,4,58.6,High,0.77
296,2026-01-24 00:00:00,IT Support,VPN Access,Email,Pune,High,In Progress,Agent_06,8.9,8,1,4,Security Policy,High,41,78.4,Critical,0.99
297,2025-12-16 00:00:00,Finance,Network Connectivity,Teams,Bengaluru,High,Escalated,Agent_10,3.4,8,0,4,Hardware,High,23,83.6,Critical,0.99
298,2025-12-08 00:00:00,Cybersecurity,Application Error,Portal,Pune,Medium,Closed,Agent_02,11.9,24,0,4,Hardware,Low,11,39.4,Medium,0.72
299,2025-09-06 00:00:00,Finance,Application Error,Teams,Pune,Medium,Resolved,Agent_05,13.6,24,0,5,Software Bug,Medium,6,36.1,Medium,0.79
300,2026-04-15 00:00:00,HR,Hardware Failure,Teams,Bhopal,Low,Resolved,Agent_06,7.1,48,0,3,Security Policy,Medium,8,32.3,Low,0.85
301,2026-04-03 00:00:00,Engineering,Security Alert,Phone,Bengaluru,High,Escalated,Agent_05,5.4,8,0,4,Access Control,High,20,95.4,Critical,0.99
302,2026-04-30 00:00:00,HR,Cloud Access,Teams,Pune,Low,Closed,Agent_05,5.2,48,0,5,Unknown,Medium,25,26.6,Low,0.96
303,2025-11-12 00:00:00,HR,Cloud Access,Phone,Bengaluru,Medium,Closed,Agent_02,4.6,24,0,4,Software Bug,Medium,7,52.1,Medium,0.69
304,2026-01-11 00:00:00,Cybersecurity,Cloud Access,Email,Mumbai,Medium,Escalated,Agent_08,8.4,24,0,4,Network Congestion,Low,10,32.9,Low,0.91
305,2025-11-05 00:00:00,Operations,VPN Access,Teams,Indore,High,Resolved,Agent_03,9.4,8,1,5,Security Policy,Medium,45,77.3,Critical,0.88
306,2025-08-02 00:00:00,Network Operations,Application Error,Teams,Gurugram,Medium,Closed,Agent_09,17.9,24,0,3,Security Policy,High,2,55.8,High,0.67
307,2025-12-23 00:00:00,IT Support,Wi-Fi Issue,Phone,Mumbai,High,In Progress,Agent_15,1.3,8,0,5,User Error,High,34,87.9,Critical,0.99
308,2025-07-22 00:00:00,HR,VPN Access,Phone,Indore,High,Resolved,Agent_11,8.6,8,1,3,Security Policy,High,50,77.7,Critical,0.94
309,2026-02-23 00:00:00,Operations,Security Alert,Email,Bhopal,Low,Resolved,Agent_12,16.9,48,0,4,Software Bug,High,17,59.3,High,0.85
310,2025-12-05 00:00:00,Sales,Hardware Failure,Teams,Bengaluru,High,In Progress,Agent_03,10.6,8,1,2,Access Control,High,23,80.4,Critical,0.98
311,2025-08-07 00:00:00,Engineering,Network Connectivity,Email,Pune,Medium,Resolved,Agent_14,19.1,24,0,5,Hardware,Low,5,44.3,Medium,0.77
312,2026-02-15 00:00:00,Finance,Security Alert,Phone,Bengaluru,High,In Progress,Agent_08,4.5,8,0,5,User Error,Medium,19,88.4,Critical,0.99
313,2026-06-30 00:00:00,Engineering,Hardware Failure,Phone,Bhopal,Medium,Escalated,Agent_01,8.6,24,0,4,Access Control,Low,15,45.9,Medium,0.67
314,2025-08-20 00:00:00,Cybersecurity,VPN Access,Portal,Gurugram,Medium,Resolved,Agent_09,4.4,24,0,4,Security Policy,Medium,3,53.3,Medium,0.7
315,2026-03-21 00:00:00,HR,Hardware Failure,Teams,Mumbai,Low,Escalated,Agent_07,6.2,48,0,5,Security Policy,High,30,42.1,Medium,0.82
316,2026-04-09 00:00:00,HR,Network Connectivity,Teams,Gurugram,Medium,Resolved,Agent_04,3.6,24,0,5,Software Bug,High,13,71.8,High,0.81
317,2025-07-27 00:00:00,Network Operations,Endpoint Performance,Email,Delhi,High,Resolved,Agent_04,1.6,8,0,3,Unknown,Medium,22,70.5,High,0.84
318,2026-02-11 00:00:00,Finance,VPN Access,Teams,Gurugram,Critical,Resolved,Agent_10,1.6,4,0,3,Security Policy,High,88,100,Critical,0.99
319,2026-04-03 00:00:00,Network Operations,Cloud Access,Phone,Pune,High,In Progress,Agent_12,1,8,0,3,Network Congestion,Low,36,61.3,High,0.81
320,2026-04-12 00:00:00,Network Operations,Cloud Access,Portal,Pune,Low,Resolved,Agent_03,18.4,48,0,5,Access Control,Low,33,22.4,Low,0.97
321,2025-10-05 00:00:00,Operations,Password Reset,Teams,Gurugram,Low,Closed,Agent_03,20.9,48,0,3,Unknown,Medium,1,21.3,Low,0.99
322,2026-04-10 00:00:00,Cybersecurity,Wi-Fi Issue,Portal,Bengaluru,Medium,Resolved,Agent_14,6.6,24,0,4,Unknown,Medium,14,54.4,Medium,0.68
323,2026-05-13 00:00:00,IT Support,Cloud Access,Phone,Bhopal,Medium,Resolved,Agent_09,4.3,24,0,4,Unknown,Medium,27,53,Medium,0.66
324,2026-04-30 00:00:00,Engineering,Application Error,Teams,Mumbai,High,Closed,Agent_10,9.8,8,1,3,Configuration,Low,13,64.7,High,0.79
325,2025-11-24 00:00:00,Finance,Email Issue,Email,Pune,Medium,Resolved,Agent_13,7.6,24,0,4,Unknown,Low,7,34.5,Low,0.9
326,2025-07-04 00:00:00,Engineering,Cloud Access,Email,Gurugram,Low,In Progress,Agent_09,5.7,48,0,5,Configuration,Medium,9,30.2,Low,0.9
327,2025-08-04 00:00:00,HR,Hardware Failure,Teams,Bhopal,High,Escalated,Agent_14,5.8,8,0,5,Configuration,Low,20,63.6,High,0.87
328,2026-01-08 00:00:00,Finance,Hardware Failure,Phone,Delhi,High,Closed,Agent_13,7.1,8,0,4,Software Bug,Low,37,57.5,High,0.76
329,2025-08-18 00:00:00,Sales,Email Issue,Teams,Indore,Medium,Resolved,Agent_13,12,24,0,5,Configuration,Low,21,40,Medium,0.72
330,2025-07-17 00:00:00,Sales,Cloud Access,Phone,Gurugram,Medium,Resolved,Agent_05,3.9,24,0,5,Network Congestion,High,24,59.1,High,0.7
331,2025-12-19 00:00:00,Finance,Cloud Access,Email,Indore,Critical,Closed,Agent_14,1,4,0,3,Hardware,Low,62,90.7,Critical,0.99
332,2026-02-05 00:00:00,HR,Password Reset,Portal,Mumbai,Medium,Resolved,Agent_07,8.1,24,0,4,Unknown,High,3,57.8,High,0.69
333,2025-12-05 00:00:00,Finance,Password Reset,Teams,Bengaluru,Medium,Escalated,Agent_07,8.5,24,0,4,Network Congestion,Low,6,38.3,Medium,0.7
334,2025-08-15 00:00:00,Engineering,Security Alert,Teams,Pune,High,Escalated,Agent_08,6.4,8,0,4,Access Control,Low,47,73.9,High,0.84
335,2025-07-06 00:00:00,Operations,VPN Access,Portal,Bengaluru,High,Closed,Agent_14,4.8,8,0,4,Network Congestion,Medium,31,79.2,Critical,0.94
336,2025-10-07 00:00:00,Cybersecurity,Security Alert,Teams,Delhi,Medium,Escalated,Agent_01,2.1,24,0,3,User Error,Low,4,54.7,Medium,0.75
337,2026-02-18 00:00:00,IT Support,Hardware Failure,Email,Delhi,Low,Closed,Agent_07,8.1,48,0,4,Software Bug,Low,4,13.6,Low,0.99
338,2025-08-06 00:00:00,Finance,Password Reset,Portal,Delhi,High,Resolved,Agent_06,1.5,8,0,4,Network Congestion,Low,29,63.6,High,0.77
339,2026-04-06 00:00:00,Sales,VPN Access,Portal,Bhopal,Medium,Resolved,Agent_12,24.5,24,1,3,Software Bug,High,19,66.7,High,0.83
340,2026-06-14 00:00:00,Network Operations,Application Error,Email,Bhopal,Medium,Resolved,Agent_10,5.4,24,0,4,Software Bug,Low,29,48.1,Medium,0.67
341,2026-04-28 00:00:00,Engineering,Wi-Fi Issue,Email,Bhopal,Medium,Resolved,Agent_12,20.2,24,0,4,Hardware,Medium,7,53.9,Medium,0.65
342,2025-12-28 00:00:00,Network Operations,Hardware Failure,Portal,Bengaluru,Low,Resolved,Agent_06,16.2,48,0,4,Access Control,Low,10,21,Low,0.99
343,2025-10-03 00:00:00,Cybersecurity,Endpoint Performance,Teams,Delhi,High,Resolved,Agent_03,7.5,8,0,4,User Error,High,52,94.4,Critical,0.99
344,2025-10-07 00:00:00,IT Support,Wi-Fi Issue,Portal,Bengaluru,Medium,Resolved,Agent_12,4.2,24,0,5,Hardware,High,4,49.2,Medium,0.7
345,2026-01-04 00:00:00,Engineering,Application Error,Portal,Bhopal,High,Resolved,Agent_12,4.6,8,0,3,Security Policy,Low,48,68.4,High,0.9
346,2025-10-24 00:00:00,Operations,Security Alert,Phone,Delhi,Medium,Resolved,Agent_02,19.5,24,0,3,Software Bug,High,5,75.5,Critical,0.82
347,2026-01-07 00:00:00,Finance,Wi-Fi Issue,Email,Delhi,High,Resolved,Agent_10,2.4,8,0,4,Software Bug,Low,35,65.1,High,0.82
348,2026-03-10 00:00:00,Finance,Application Error,Email,Delhi,High,Resolved,Agent_02,10.3,8,1,4,Software Bug,Medium,35,79.1,Critical,0.97
349,2025-12-08 00:00:00,Network Operations,Hardware Failure,Email,Pune,High,Resolved,Agent_07,13.7,8,1,3,Access Control,Medium,48,69.4,High,0.95
350,2026-03-13 00:00:00,Cybersecurity,Wi-Fi Issue,Teams,Delhi,Low,In Progress,Agent_01,6.6,48,0,4,Network Congestion,Low,6,24.2,Low,0.85
351,2026-05-19 00:00:00,IT Support,Email Issue,Email,Delhi,Medium,Resolved,Agent_12,18.1,24,0,4,Security Policy,High,3,62.4,High,0.74
352,2025-11-05 00:00:00,Operations,Application Error,Email,Mumbai,Medium,In Progress,Agent_05,10.9,24,0,5,User Error,Low,7,42,Medium,0.75
353,2025-07-18 00:00:00,Network Operations,Endpoint Performance,Portal,Delhi,Low,Resolved,Agent_10,2.6,48,0,5,User Error,Medium,34,36.4,Medium,0.8
354,2026-04-07 00:00:00,Operations,Endpoint Performance,Portal,Bhopal,Medium,Closed,Agent_08,1.7,24,0,3,Configuration,Low,4,38.3,Medium,0.85
355,2026-02-08 00:00:00,Cybersecurity,Endpoint Performance,Email,Bhopal,High,Escalated,Agent_08,3.4,8,0,4,Access Control,Low,14,55.5,High,0.77
356,2025-08-23 00:00:00,Finance,Wi-Fi Issue,Portal,Pune,Low,Resolved,Agent_15,24.9,48,0,4,User Error,High,4,45.4,Medium,0.78
357,2025-08-27 00:00:00,Sales,Network Connectivity,Teams,Pune,High,Resolved,Agent_11,4.5,8,0,5,User Error,High,29,71.2,High,0.89
358,2026-05-19 00:00:00,Engineering,Hardware Failure,Phone,Bhopal,Medium,In Progress,Agent_06,16.7,24,0,4,Hardware,Low,6,36.6,Medium,0.78
359,2026-06-25 00:00:00,Network Operations,Endpoint Performance,Email,Indore,High,Resolved,Agent_04,5,8,0,4,Configuration,Low,19,59.9,High,0.73
360,2025-12-21 00:00:00,Sales,Hardware Failure,Teams,Indore,Low,Resolved,Agent_13,14.6,48,0,4,Security Policy,High,5,28.6,Low,0.88
361,2026-04-06 00:00:00,Sales,Email Issue,Portal,Bengaluru,High,Resolved,Agent_10,7,8,0,4,Access Control,Medium,11,68.3,High,0.91
362,2025-10-22 00:00:00,IT Support,VPN Access,Portal,Indore,High,Resolved,Agent_15,3,8,0,5,Unknown,Medium,13,74.3,High,0.85
363,2026-04-14 00:00:00,Finance,Endpoint Performance,Phone,Bhopal,Medium,Resolved,Agent_04,13.4,24,0,4,Network Congestion,Medium,4,49.2,Medium,0.66
364,2026-06-07 00:00:00,Finance,Cloud Access,Portal,Bengaluru,Medium,Closed,Agent_12,13.4,24,0,4,Software Bug,Low,8,34.4,Low,0.82
365,2025-11-28 00:00:00,IT Support,Password Reset,Teams,Bhopal,Medium,Resolved,Agent_14,3.6,24,0,4,Configuration,High,5,64.4,High,0.89
366,2025-11-04 00:00:00,IT Support,Security Alert,Teams,Delhi,High,Resolved,Agent_09,1,8,0,3,Software Bug,Low,15,77.7,Critical,0.93
367,2025-12-02 00:00:00,Engineering,Application Error,Email,Indore,High,Resolved,Agent_15,8.7,8,1,4,Security Policy,Low,14,65.8,High,0.77
368,2026-03-30 00:00:00,Engineering,Security Alert,Email,Gurugram,Low,Resolved,Agent_14,4.4,48,0,4,Security Policy,High,11,53.2,Medium,0.72
369,2025-10-12 00:00:00,IT Support,VPN Access,Teams,Mumbai,Critical,Resolved,Agent_14,4.9,4,1,3,Access Control,Medium,65,97.3,Critical,0.99
370,2026-04-25 00:00:00,Sales,Application Error,Phone,Bengaluru,Medium,Resolved,Agent_03,8.9,24,0,5,User Error,Low,23,41,Medium,0.71
371,2026-03-03 00:00:00,Network Operations,Password Reset,Portal,Bengaluru,Medium,Closed,Agent_09,4.7,24,0,4,Access Control,Low,6,35.3,Medium,0.81
372,2025-12-23 00:00:00,Engineering,Email Issue,Phone,Bengaluru,Medium,Resolved,Agent_03,10.6,24,0,4,Network Congestion,Low,6,42.8,Medium,0.73
373,2025-08-08 00:00:00,IT Support,Cloud Access,Portal,Delhi,High,Resolved,Agent_04,2.4,8,0,4,Access Control,Low,45,66.1,High,0.85
374,2025-12-17 00:00:00,IT Support,Application Error,Phone,Pune,High,Resolved,Agent_14,3.3,8,0,4,Unknown,Low,32,67.3,High,0.78
375,2026-03-04 00:00:00,HR,Wi-Fi Issue,Email,Bengaluru,Low,Resolved,Agent_01,4.8,48,0,4,Configuration,Low,10,30.4,Low,0.77
376,2025-07-26 00:00:00,Cybersecurity,Email Issue,Portal,Delhi,Medium,Escalated,Agent_11,5.8,24,0,4,User Error,High,20,68.1,High,0.86
377,2026-06-20 00:00:00,Finance,Cloud Access,Email,Bhopal,Critical,Resolved,Agent_13,2.1,4,0,4,Hardware,High,81,100,Critical,0.99
378,2026-05-02 00:00:00,Sales,VPN Access,Email,Bhopal,Critical,Resolved,Agent_07,2.7,4,0,4,Security Policy,Low,108,86.5,Critical,0.98
379,2025-07-13 00:00:00,IT Support,Hardware Failure,Teams,Mumbai,Medium,Resolved,Agent_15,6.3,24,0,5,Hardware,Low,46,55.3,High,0.66
380,2026-05-12 00:00:00,Finance,Endpoint Performance,Teams,Indore,Low,In Progress,Agent_04,4.5,48,0,4,Network Congestion,High,9,39.6,Medium,0.68
381,2026-05-09 00:00:00,Operations,Hardware Failure,Teams,Bhopal,Low,Closed,Agent_07,5.3,48,0,4,Software Bug,Low,16,19.4,Low,0.95
382,2025-08-05 00:00:00,HR,Wi-Fi Issue,Email,Bengaluru,High,Resolved,Agent_13,2.4,8,0,3,Unknown,Medium,26,69.8,High,0.82
383,2025-12-20 00:00:00,Sales,Security Alert,Teams,Pune,Medium,Resolved,Agent_04,2.3,24,0,3,Configuration,High,10,72.3,High,0.73
384,2025-07-20 00:00:00,IT Support,Endpoint Performance,Teams,Gurugram,Medium,In Progress,Agent_03,6.8,24,0,3,User Error,Low,11,40.6,Medium,0.75
385,2026-05-17 00:00:00,HR,Email Issue,Phone,Gurugram,High,Escalated,Agent_04,4.7,8,0,5,Security Policy,Low,47,71.1,High,0.81
386,2026-03-21 00:00:00,Cybersecurity,Security Alert,Portal,Indore,High,Escalated,Agent_15,2.2,8,0,4,Configuration,High,27,90.9,Critical,0.99
387,2025-11-19 00:00:00,Cybersecurity,Security Alert,Portal,Delhi,Critical,Closed,Agent_03,6.6,4,1,2,Unknown,High,66,100,Critical,0.99
388,2025-11-20 00:00:00,Network Operations,Network Connectivity,Email,Indore,High,Resolved,Agent_01,2.5,8,0,4,Access Control,High,21,81.5,Critical,0.91
389,2025-09-30 00:00:00,HR,Cloud Access,Portal,Pune,High,Resolved,Agent_03,10.5,8,1,3,Hardware,Low,9,67.5,High,0.8
390,2026-06-19 00:00:00,Sales,VPN Access,Email,Pune,High,Escalated,Agent_02,1.8,8,0,5,Access Control,Medium,29,70.9,High,0.87
391,2026-05-18 00:00:00,Sales,Endpoint Performance,Portal,Indore,High,Closed,Agent_11,1.9,8,0,4,Access Control,High,26,74.2,High,0.86
392,2026-04-14 00:00:00,Sales,Password Reset,Portal,Mumbai,Medium,Resolved,Agent_05,13.7,24,0,4,Network Congestion,Medium,24,50.3,Medium,0.65
393,2026-01-31 00:00:00,Cybersecurity,Password Reset,Email,Mumbai,High,Closed,Agent_03,4.4,8,0,4,Access Control,High,12,81.4,Critical,0.89
394,2026-06-07 00:00:00,HR,Cloud Access,Email,Bengaluru,Low,Escalated,Agent_04,8.7,48,0,3,Access Control,Low,7,17.3,Low,0.92
395,2025-08-20 00:00:00,Cybersecurity,Security Alert,Email,Delhi,High,Escalated,Agent_08,3.1,8,0,4,Configuration,High,18,99.4,Critical,0.99
396,2025-11-30 00:00:00,HR,Endpoint Performance,Portal,Mumbai,Low,Resolved,Agent_12,2.7,48,0,4,Configuration,Low,12,20.8,Low,0.99
397,2026-01-02 00:00:00,Operations,Network Connectivity,Teams,Mumbai,Medium,Resolved,Agent_08,9.6,24,0,5,Security Policy,Medium,5,43.8,Medium,0.72
398,2025-09-01 00:00:00,Operations,Security Alert,Email,Delhi,High,In Progress,Agent_11,7.6,8,0,3,Software Bug,High,31,96.3,Critical,0.99
399,2026-01-06 00:00:00,Engineering,Password Reset,Email,Delhi,High,Resolved,Agent_05,5.3,8,0,5,User Error,Low,20,66.1,High,0.75
400,2025-11-02 00:00:00,Sales,VPN Access,Portal,Bengaluru,Medium,Resolved,Agent_15,2.5,24,0,4,User Error,High,5,60,High,0.77
401,2025-11-27 00:00:00,Engineering,Security Alert,Email,Bengaluru,Critical,Resolved,Agent_03,2.8,4,0,3,Configuration,High,84,100,Critical,0.99
402,2026-05-10 00:00:00,Sales,VPN Access,Portal,Indore,Medium,In Progress,Agent_15,7,24,0,4,Network Congestion,High,1,64.3,High,0.76
403,2025-08-27 00:00:00,Finance,Endpoint Performance,Portal,Bhopal,Low,In Progress,Agent_14,9.1,48,0,3,Unknown,High,2,45.9,Medium,0.75
404,2026-06-07 00:00:00,IT Support,Password Reset,Phone,Bhopal,Medium,Resolved,Agent_11,26,24,1,3,Unknown,High,2,55.6,High,0.73
405,2026-05-01 00:00:00,Network Operations,Email Issue,Email,Indore,Low,Resolved,Agent_08,35.9,48,0,4,User Error,Low,1,22.9,Low,0.87
406,2025-12-27 00:00:00,Operations,Endpoint Performance,Teams,Bengaluru,High,Resolved,Agent_09,6.7,8,0,5,Security Policy,Low,30,63.7,High,0.76
407,2025-12-17 00:00:00,Sales,Password Reset,Teams,Pune,Low,Resolved,Agent_08,6.7,48,0,5,Unknown,Medium,8,34.8,Low,0.74
408,2026-05-22 00:00:00,HR,Endpoint Performance,Phone,Gurugram,Low,Escalated,Agent_02,2.6,48,0,5,User Error,High,7,37.5,Medium,0.74
409,2026-03-28 00:00:00,Operations,Security Alert,Portal,Gurugram,Low,Closed,Agent_07,10.7,48,0,4,Unknown,High,3,48.4,Medium,0.65
410,2025-08-23 00:00:00,HR,Cloud Access,Teams,Pune,Low,Escalated,Agent_09,8.9,48,0,4,Hardware,Low,8,27.1,Low,0.91
411,2025-10-09 00:00:00,Engineering,VPN Access,Portal,Indore,Critical,Resolved,Agent_07,5.3,4,1,5,User Error,Low,33,81.9,Critical,0.99
412,2026-03-21 00:00:00,HR,Application Error,Portal,Delhi,Medium,Resolved,Agent_15,8.9,24,0,5,User Error,High,8,58,High,0.79
413,2025-08-22 00:00:00,Operations,VPN Access,Teams,Gurugram,Medium,Resolved,Agent_08,7.6,24,0,4,Configuration,High,11,60,High,0.74
414,2025-08-29 00:00:00,Operations,Cloud Access,Email,Bengaluru,Low,In Progress,Agent_10,1.7,48,0,5,User Error,High,22,49.8,Medium,0.69
415,2025-10-16 00:00:00,Network Operations,VPN Access,Phone,Delhi,High,Resolved,Agent_07,2.1,8,0,4,Unknown,Medium,26,70.3,High,0.8
416,2025-07-05 00:00:00,Engineering,Cloud Access,Email,Indore,Medium,Resolved,Agent_10,7.1,24,0,4,Security Policy,High,10,58,High,0.73
417,2025-10-11 00:00:00,Operations,Network Connectivity,Phone,Mumbai,Medium,Escalated,Agent_15,11.7,24,0,5,Network Congestion,Medium,7,42.1,Medium,0.78
418,2026-01-12 00:00:00,IT Support,Security Alert,Phone,Delhi,High,Resolved,Agent_14,6.6,8,0,4,User Error,Medium,33,77.4,Critical,0.99
419,2026-03-19 00:00:00,Cybersecurity,Email Issue,Phone,Mumbai,Medium,Resolved,Agent_12,7.9,24,0,4,Security Policy,Medium,3,42.7,Medium,0.72
420,2026-06-30 00:00:00,Network Operations,Cloud Access,Portal,Bengaluru,Medium,Closed,Agent_08,6.3,24,0,4,Access Control,High,2,56.3,High,0.61
421,2026-06-15 00:00:00,Cybersecurity,Network Connectivity,Email,Pune,High,Closed,Agent_14,3.4,8,0,4,Configuration,Low,47,60.7,High,0.83
422,2025-08-16 00:00:00,HR,Password Reset,Portal,Delhi,Low,Resolved,Agent_01,15,48,0,5,Access Control,Medium,2,30.6,Low,0.83
423,2026-06-20 00:00:00,Finance,Email Issue,Phone,Delhi,Medium,Closed,Agent_15,7.3,24,0,4,User Error,High,5,63.8,High,0.86
424,2026-05-07 00:00:00,HR,Network Connectivity,Phone,Bengaluru,High,Resolved,Agent_09,4,8,0,4,Access Control,Medium,26,62.1,High,0.78
425,2026-05-04 00:00:00,Cybersecurity,Security Alert,Phone,Mumbai,High,Resolved,Agent_07,1.6,8,0,4,Configuration,Medium,23,88.1,Critical,0.99
426,2025-11-21 00:00:00,HR,Password Reset,Portal,Mumbai,Medium,Resolved,Agent_11,9.2,24,0,4,Security Policy,Medium,8,49.2,Medium,0.7
427,2026-03-26 00:00:00,IT Support,Wi-Fi Issue,Email,Bengaluru,High,Escalated,Agent_13,2.3,8,0,3,Configuration,Low,28,65.5,High,0.81
428,2025-11-01 00:00:00,Finance,Email Issue,Phone,Mumbai,Critical,Escalated,Agent_15,3.4,4,0,5,Security Policy,Medium,89,100,Critical,0.99
429,2025-10-14 00:00:00,Engineering,Security Alert,Phone,Indore,High,Escalated,Agent_07,12.6,8,1,3,User Error,High,37,98.4,Critical,0.99
430,2025-12-05 00:00:00,Sales,Network Connectivity,Phone,Pune,High,Closed,Agent_05,8.8,8,1,4,Access Control,Low,25,66.9,High,0.73
431,2025-11-24 00:00:00,Finance,Endpoint Performance,Phone,Indore,Low,Resolved,Agent_13,17.3,48,0,4,Security Policy,Low,9,17.5,Low,0.99
432,2025-11-22 00:00:00,Cybersecurity,Security Alert,Email,Mumbai,High,Resolved,Agent_07,4.1,8,0,5,Security Policy,Medium,43,76.8,Critical,0.87
433,2025-10-28 00:00:00,HR,Network Connectivity,Phone,Mumbai,High,Escalated,Agent_13,1,8,0,3,Unknown,High,32,80.1,Critical,0.92
434,2026-05-15 00:00:00,Finance,Security Alert,Portal,Delhi,High,In Progress,Agent_02,2.2,8,0,4,Unknown,Low,20,76.4,Critical,0.92
435,2026-04-01 00:00:00,Finance,Password Reset,Portal,Mumbai,High,Escalated,Agent_06,11.1,8,1,4,Software Bug,Low,20,60.4,High,0.71
436,2025-09-30 00:00:00,Operations,Endpoint Performance,Phone,Pune,Medium,Resolved,Agent_14,2.6,24,0,5,User Error,Medium,29,50.1,Medium,0.64
437,2025-08-27 00:00:00,IT Support,Hardware Failure,Email,Bengaluru,High,In Progress,Agent_07,4.7,8,0,5,Network Congestion,Low,49,58.2,High,0.63
438,2026-06-11 00:00:00,IT Support,Application Error,Portal,Indore,Critical,Resolved,Agent_15,3,4,0,3,Unknown,Medium,101,100,Critical,0.99
439,2026-02-14 00:00:00,Sales,Password Reset,Portal,Delhi,Low,Resolved,Agent_03,6.9,48,0,5,Access Control,High,13,34.5,Low,0.76
440,2025-10-25 00:00:00,IT Support,Network Connectivity,Teams,Pune,Medium,Resolved,Agent_13,1.3,24,0,4,Hardware,High,24,62.9,High,0.75
441,2026-05-14 00:00:00,Network Operations,Hardware Failure,Portal,Gurugram,Medium,Closed,Agent_07,1.4,24,0,5,Unknown,Medium,2,52.6,Medium,0.66
442,2026-04-05 00:00:00,IT Support,Application Error,Email,Gurugram,Low,Resolved,Agent_15,8.8,48,0,4,Access Control,Low,7,28.9,Low,0.85
443,2025-11-04 00:00:00,HR,Wi-Fi Issue,Email,Mumbai,Low,Escalated,Agent_04,6.7,48,0,3,Access Control,Low,9,12.4,Low,0.99
444,2025-11-06 00:00:00,Cybersecurity,Endpoint Performance,Email,Bengaluru,Medium,Resolved,Agent_02,11.2,24,0,4,Configuration,Low,9,39.9,Medium,0.75
445,2025-08-27 00:00:00,Finance,Endpoint Performance,Teams,Mumbai,Medium,In Progress,Agent_07,4.8,24,0,4,Hardware,Medium,12,52.3,Medium,0.71
446,2025-10-30 00:00:00,Engineering,Security Alert,Phone,Delhi,Medium,Closed,Agent_04,4.4,24,0,5,Software Bug,Low,3,51.1,Medium,0.7
447,2025-07-01 00:00:00,HR,Password Reset,Email,Gurugram,Medium,Resolved,Agent_12,1.2,24,0,5,Configuration,Medium,5,45.5,Medium,0.68
448,2026-02-24 00:00:00,Finance,Application Error,Email,Gurugram,Critical,Escalated,Agent_01,2.5,4,0,5,User Error,Low,83,87.4,Critical,0.99
449,2026-04-16 00:00:00,Engineering,Application Error,Teams,Bhopal,Medium,Closed,Agent_03,1,24,0,5,Software Bug,High,4,69.8,High,0.88
450,2025-10-04 00:00:00,Finance,Network Connectivity,Teams,Mumbai,Medium,In Progress,Agent_10,6.3,24,0,5,Hardware,Medium,15,45.2,Medium,0.72
451,2025-11-03 00:00:00,Network Operations,Application Error,Email,Pune,Low,Resolved,Agent_04,9.4,48,0,4,Software Bug,Medium,7,26.3,Low,0.84
452,2025-10-26 00:00:00,HR,Endpoint Performance,Phone,Mumbai,Medium,Resolved,Agent_09,9.6,24,0,5,Unknown,Low,5,49.5,Medium,0.6
453,2025-08-17 00:00:00,Engineering,Email Issue,Phone,Indore,Low,Escalated,Agent_15,6.3,48,0,4,User Error,Low,13,21.8,Low,0.93
454,2025-09-27 00:00:00,Engineering,Cloud Access,Portal,Bhopal,High,Resolved,Agent_02,1.7,8,0,4,Network Congestion,High,34,84.1,Critical,0.92
455,2026-02-22 00:00:00,Engineering,Email Issue,Phone,Pune,Medium,Resolved,Agent_14,5.1,24,0,4,Configuration,Low,36,39.4,Medium,0.81
456,2026-03-29 00:00:00,Sales,Endpoint Performance,Phone,Bengaluru,High,Resolved,Agent_14,5.7,8,0,4,Hardware,Low,14,61.3,High,0.85
457,2026-01-05 00:00:00,Sales,Password Reset,Phone,Bengaluru,Critical,Resolved,Agent_06,6.2,4,1,4,Access Control,High,36,100,Critical,0.99
458,2026-01-08 00:00:00,Network Operations,Password Reset,Teams,Bengaluru,Critical,Resolved,Agent_13,6.3,4,1,3,Security Policy,Medium,119,100,Critical,0.99
459,2025-09-07 00:00:00,Network Operations,Password Reset,Portal,Mumbai,High,Resolved,Agent_15,2.4,8,0,4,Unknown,Low,20,71.8,High,0.86
460,2026-04-04 00:00:00,Engineering,Cloud Access,Portal,Gurugram,Medium,Resolved,Agent_01,2.7,24,0,5,Hardware,High,4,62.2,High,0.85
461,2026-06-14 00:00:00,Engineering,Hardware Failure,Email,Bengaluru,Medium,Resolved,Agent_11,5.8,24,0,5,Access Control,Medium,4,51.3,Medium,0.61
462,2026-03-04 00:00:00,HR,Network Connectivity,Phone,Gurugram,High,Escalated,Agent_07,2.3,8,0,4,Software Bug,High,22,77.7,Critical,0.93
463,2025-09-14 00:00:00,Sales,Hardware Failure,Teams,Indore,High,In Progress,Agent_01,1.6,8,0,5,Hardware,High,9,77.2,Critical,0.87
464,2025-12-01 00:00:00,Engineering,Wi-Fi Issue,Teams,Delhi,Low,Closed,Agent_04,8.6,48,0,5,Access Control,Medium,7,29.7,Low,0.83
465,2025-11-21 00:00:00,IT Support,Endpoint Performance,Portal,Gurugram,Medium,Closed,Agent_02,4.2,24,0,4,Unknown,Low,7,42.4,Medium,0.71
466,2025-09-24 00:00:00,Engineering,Hardware Failure,Email,Delhi,Medium,Resolved,Agent_08,4,24,0,4,Configuration,Low,4,36,Medium,0.86
467,2026-01-01 00:00:00,Operations,VPN Access,Teams,Bhopal,High,Resolved,Agent_10,3.1,8,0,4,Network Congestion,Low,38,55.6,High,0.72
468,2026-04-11 00:00:00,HR,Wi-Fi Issue,Teams,Pune,Medium,Resolved,Agent_14,2.8,24,0,5,Unknown,Low,12,33.8,Low,0.85
469,2026-02-05 00:00:00,Engineering,Security Alert,Phone,Mumbai,High,Resolved,Agent_01,2,8,0,3,Access Control,High,24,93,Critical,0.99
470,2025-09-07 00:00:00,Finance,Security Alert,Phone,Mumbai,Medium,Resolved,Agent_03,1,24,0,4,Security Policy,Medium,9,62.1,High,0.79
471,2025-08-16 00:00:00,Finance,VPN Access,Portal,Indore,Medium,Closed,Agent_08,12.6,24,0,5,Software Bug,Low,7,41,Medium,0.8
472,2025-10-02 00:00:00,Network Operations,Security Alert,Teams,Bhopal,Critical,Escalated,Agent_13,1,4,0,4,Unknown,High,50,100,Critical,0.99
473,2026-02-23 00:00:00,Cybersecurity,Hardware Failure,Teams,Bhopal,Medium,Resolved,Agent_15,10.7,24,0,3,Security Policy,High,19,63.1,High,0.78
474,2026-01-20 00:00:00,Engineering,Cloud Access,Portal,Mumbai,Medium,Escalated,Agent_02,7.1,24,0,4,Security Policy,Low,14,43.4,Medium,0.67
475,2026-02-03 00:00:00,Sales,Cloud Access,Teams,Bengaluru,Critical,Escalated,Agent_07,1.8,4,0,4,Access Control,Low,57,81.5,Critical,0.99
476,2026-06-06 00:00:00,Engineering,Endpoint Performance,Portal,Indore,Medium,Escalated,Agent_09,7.4,24,0,5,Network Congestion,High,12,58.4,High,0.7
477,2025-08-08 00:00:00,Sales,Wi-Fi Issue,Portal,Indore,Medium,Escalated,Agent_11,12.2,24,0,4,Access Control,Medium,6,44.2,Medium,0.7
478,2025-10-08 00:00:00,Cybersecurity,Password Reset,Phone,Mumbai,Low,Resolved,Agent_08,11.9,48,0,4,Security Policy,High,23,38.9,Medium,0.74
479,2026-04-15 00:00:00,Finance,Wi-Fi Issue,Teams,Delhi,Low,Resolved,Agent_07,17,48,0,3,Hardware,Low,9,20,Low,0.97
480,2026-03-11 00:00:00,IT Support,Network Connectivity,Portal,Pune,High,Resolved,Agent_05,6.1,8,0,4,Hardware,Medium,38,78.7,Critical,0.99
481,2026-02-07 00:00:00,Finance,Network Connectivity,Portal,Delhi,High,Resolved,Agent_10,3.4,8,0,5,Software Bug,Medium,18,66.4,High,0.96
482,2026-06-22 00:00:00,Operations,Wi-Fi Issue,Portal,Gurugram,High,Escalated,Agent_11,1.9,8,0,4,Configuration,Medium,39,74.9,High,0.89
483,2025-07-23 00:00:00,Operations,Application Error,Teams,Delhi,Critical,Resolved,Agent_01,1.8,4,0,4,Network Congestion,High,31,97.8,Critical,0.99
484,2026-03-07 00:00:00,Engineering,Email Issue,Portal,Mumbai,High,Escalated,Agent_10,3.6,8,0,4,Software Bug,Medium,37,73.7,High,0.86
485,2025-07-10 00:00:00,Finance,Email Issue,Teams,Indore,Critical,Resolved,Agent_12,1.8,4,0,5,User Error,Low,47,86.5,Critical,0.99
486,2026-03-03 00:00:00,IT Support,Application Error,Teams,Pune,Medium,Resolved,Agent_10,17.7,24,0,5,Network Congestion,Low,6,43.4,Medium,0.76
487,2026-05-21 00:00:00,Sales,Network Connectivity,Teams,Mumbai,Critical,Resolved,Agent_10,1,4,0,5,Configuration,Low,68,78.5,Critical,0.9
488,2025-10-08 00:00:00,Finance,Cloud Access,Teams,Delhi,Medium,Resolved,Agent_13,3.4,24,0,4,Access Control,Low,4,34.5,Low,0.79
489,2026-04-16 00:00:00,HR,Wi-Fi Issue,Portal,Gurugram,Low,In Progress,Agent_07,5.1,48,0,5,Security Policy,Low,4,25.3,Low,0.91
490,2025-12-27 00:00:00,Sales,VPN Access,Portal,Indore,High,Resolved,Agent_04,3.9,8,0,4,Unknown,Medium,24,62.5,High,0.76
491,2026-02-08 00:00:00,IT Support,Wi-Fi Issue,Email,Mumbai,Medium,Resolved,Agent_10,5,24,0,4,Software Bug,High,8,55.9,High,0.59
492,2026-03-07 00:00:00,Sales,Network Connectivity,Teams,Delhi,Critical,Closed,Agent_12,5.2,4,1,3,Network Congestion,Medium,90,94.4,Critical,0.99
493,2025-11-24 00:00:00,Sales,Network Connectivity,Teams,Bengaluru,Low,Escalated,Agent_06,15.4,48,0,4,User Error,Low,13,17.4,Low,0.99
494,2025-10-04 00:00:00,Cybersecurity,VPN Access,Email,Mumbai,Low,Escalated,Agent_13,5.6,48,0,5,Software Bug,High,19,30.6,Low,0.9
495,2026-03-14 00:00:00,Network Operations,Application Error,Portal,Gurugram,High,Escalated,Agent_14,4,8,0,5,User Error,Medium,92,83.2,Critical,0.95
496,2026-05-21 00:00:00,IT Support,Password Reset,Teams,Mumbai,Medium,Resolved,Agent_01,11.9,24,0,5,Hardware,Low,4,44.3,Medium,0.66
497,2025-07-04 00:00:00,Network Operations,Endpoint Performance,Portal,Pune,Medium,Closed,Agent_07,14.2,24,0,4,Security Policy,High,7,54,Medium,0.73
498,2025-07-16 00:00:00,IT Support,Security Alert,Teams,Mumbai,Medium,Resolved,Agent_12,8.2,24,0,4,User Error,High,15,70.7,High,0.9
499,2026-04-06 00:00:00,IT Support,Cloud Access,Email,Pune,High,Resolved,Agent_11,1.1,8,0,5,Network Congestion,Medium,37,77.2,Critical,0.95
500,2026-06-01 00:00:00,Network Operations,Cloud Access,Phone,Delhi,High,Closed,Agent_01,5.3,8,0,5,Unknown,Medium,35,69.7,High,0.88
501,2026-03-04 00:00:00,HR,Password Reset,Portal,Mumbai,Medium,In Progress,Agent_11,1,24,0,4,Hardware,Medium,10,54.3,Medium,0.68
502,2026-03-15 00:00:00,Sales,Endpoint Performance,Email,Gurugram,High,Resolved,Agent_01,5,8,0,3,Security Policy,Low,17,61.4,High,0.77
503,2025-12-07 00:00:00,Network Operations,Wi-Fi Issue,Phone,Indore,High,Escalated,Agent_07,1.5,8,0,4,Hardware,Medium,19,67.2,High,0.76
504,2026-06-05 00:00:00,Cybersecurity,Password Reset,Portal,Gurugram,High,Resolved,Agent_11,5.5,8,0,4,Configuration,Low,20,70.9,High,0.84
505,2025-11-29 00:00:00,Engineering,Wi-Fi Issue,Email,Pune,Medium,Resolved,Agent_04,13,24,0,5,Unknown,Low,12,42.6,Medium,0.75
506,2025-12-25 00:00:00,Sales,Security Alert,Portal,Mumbai,High,Resolved,Agent_02,1.8,8,0,3,Software Bug,Medium,32,80.4,Critical,0.92
507,2025-12-10 00:00:00,Engineering,Security Alert,Teams,Pune,High,Resolved,Agent_03,5.7,8,0,3,Access Control,High,31,95,Critical,0.99
508,2025-08-02 00:00:00,Operations,Security Alert,Portal,Bhopal,Medium,Resolved,Agent_12,7.1,24,0,5,Security Policy,High,40,71.5,High,0.82
509,2025-12-26 00:00:00,Sales,Endpoint Performance,Portal,Mumbai,High,Closed,Agent_06,6.5,8,0,5,Network Congestion,Medium,37,81.2,Critical,0.91
510,2025-10-09 00:00:00,Network Operations,Hardware Failure,Portal,Mumbai,Medium,Resolved,Agent_15,5.5,24,0,4,Software Bug,Low,5,37.8,Medium,0.82
511,2026-03-25 00:00:00,Network Operations,Endpoint Performance,Email,Bhopal,High,Escalated,Agent_10,8.6,8,1,3,Security Policy,Low,28,69.8,High,0.85
512,2026-05-19 00:00:00,HR,Cloud Access,Email,Gurugram,Medium,In Progress,Agent_11,28.1,24,1,3,Hardware,Medium,27,50.6,Medium,0.73
513,2025-09-03 00:00:00,Operations,Security Alert,Portal,Delhi,High,Resolved,Agent_09,10.4,8,1,4,User Error,Low,29,81.2,Critical,0.99
514,2025-12-15 00:00:00,Sales,Application Error,Email,Mumbai,Medium,In Progress,Agent_03,22,24,0,5,Hardware,High,20,62.5,High,0.8
515,2026-05-26 00:00:00,Cybersecurity,Hardware Failure,Portal,Gurugram,High,Escalated,Agent_12,13.6,8,1,4,Unknown,Low,36,68.2,High,0.93
516,2025-08-12 00:00:00,IT Support,Security Alert,Portal,Delhi,High,Resolved,Agent_04,4.6,8,0,5,Configuration,Medium,31,91.6,Critical,0.99
517,2025-08-13 00:00:00,Sales,Email Issue,Teams,Bengaluru,High,Resolved,Agent_06,1.1,8,0,4,User Error,Low,26,56.5,High,0.7
518,2026-04-11 00:00:00,Finance,Wi-Fi Issue,Phone,Gurugram,Medium,Resolved,Agent_11,3.6,24,0,4,Security Policy,Medium,12,53,Medium,0.64
519,2025-07-12 00:00:00,Network Operations,Security Alert,Phone,Bengaluru,Critical,Resolved,Agent_06,2.1,4,0,3,Access Control,High,81,100,Critical,0.99
520,2025-10-03 00:00:00,Engineering,Hardware Failure,Email,Gurugram,High,Closed,Agent_02,3.2,8,0,5,Network Congestion,Low,18,67.5,High,0.83
521,2026-04-28 00:00:00,Cybersecurity,Email Issue,Portal,Indore,Medium,Escalated,Agent_11,2.8,24,0,4,Software Bug,Low,15,33.1,Low,0.8
522,2026-03-10 00:00:00,Sales,Application Error,Email,Bengaluru,Medium,Closed,Agent_10,2.9,24,0,5,Hardware,Low,10,40.4,Medium,0.88
523,2026-02-27 00:00:00,IT Support,Application Error,Portal,Bhopal,Low,In Progress,Agent_03,8.8,48,0,4,Configuration,Low,7,13.3,Low,0.99
524,2025-08-04 00:00:00,Cybersecurity,Cloud Access,Email,Indore,Medium,Resolved,Agent_07,22.7,24,0,4,Configuration,High,19,62.4,High,0.68
525,2026-01-31 00:00:00,Network Operations,Endpoint Performance,Portal,Bengaluru,Medium,Closed,Agent_03,9.5,24,0,5,Software Bug,Medium,4,51,Medium,0.68
526,2026-06-02 00:00:00,Cybersecurity,Application Error,Portal,Gurugram,Medium,Resolved,Agent_12,1.2,24,0,5,Access Control,Low,6,40.5,Medium,0.74
527,2025-09-28 00:00:00,Network Operations,Hardware Failure,Portal,Bengaluru,Medium,Resolved,Agent_04,4,24,0,5,Security Policy,Low,5,51.1,Medium,0.65
528,2026-03-21 00:00:00,Network Operations,Password Reset,Portal,Bengaluru,High,In Progress,Agent_09,3.2,8,0,4,User Error,Low,36,64.2,High,0.75
529,2025-10-01 00:00:00,Engineering,VPN Access,Portal,Gurugram,High,Resolved,Agent_07,3.4,8,0,5,Security Policy,High,28,78.3,Critical,0.98
530,2025-09-28 00:00:00,IT Support,Security Alert,Teams,Indore,Critical,Closed,Agent_10,2.6,4,0,5,User Error,Medium,84,100,Critical,0.99
531,2025-10-23 00:00:00,Cybersecurity,Application Error,Phone,Bengaluru,High,Resolved,Agent_15,5.7,8,0,4,Security Policy,Medium,32,66.5,High,0.74
532,2025-10-13 00:00:00,HR,Endpoint Performance,Email,Mumbai,High,Resolved,Agent_02,5.7,8,0,4,Configuration,High,29,85.1,Critical,0.99
533,2026-01-12 00:00:00,HR,Application Error,Phone,Bengaluru,Medium,Resolved,Agent_11,9.2,24,0,4,Network Congestion,Medium,7,45.6,Medium,0.88
534,2026-05-10 00:00:00,Operations,Endpoint Performance,Phone,Gurugram,Medium,Escalated,Agent_13,8.7,24,0,5,Software Bug,Medium,10,42.5,Medium,0.66
535,2025-10-22 00:00:00,Engineering,Application Error,Portal,Pune,Medium,Closed,Agent_05,8.9,24,0,4,Access Control,Medium,5,42.8,Medium,0.77
536,2025-09-13 00:00:00,Cybersecurity,Application Error,Email,Mumbai,Medium,Escalated,Agent_02,9.9,24,0,5,Software Bug,Low,10,32,Low,0.86
537,2026-02-02 00:00:00,Operations,Wi-Fi Issue,Phone,Delhi,Medium,Escalated,Agent_12,9.6,24,0,4,Configuration,High,10,53.8,Medium,0.64
538,2026-04-03 00:00:00,Operations,Password Reset,Email,Delhi,Low,Resolved,Agent_15,3.6,48,0,5,Security Policy,Medium,22,31.3,Low,0.84
539,2026-03-06 00:00:00,Network Operations,VPN Access,Phone,Indore,Medium,In Progress,Agent_12,5.8,24,0,4,Security Policy,Low,8,43.7,Medium,0.67
540,2025-12-11 00:00:00,Finance,Application Error,Email,Delhi,High,Escalated,Agent_01,6.3,8,0,4,Software Bug,Medium,24,73.8,High,0.88
541,2026-06-22 00:00:00,Finance,Wi-Fi Issue,Portal,Bhopal,High,In Progress,Agent_04,1,8,0,4,Hardware,High,30,78.2,Critical,0.91
542,2026-01-08 00:00:00,Sales,Network Connectivity,Portal,Mumbai,Low,Resolved,Agent_05,14.8,48,0,5,Security Policy,Low,6,27.4,Low,0.93
543,2026-02-12 00:00:00,Operations,Security Alert,Teams,Gurugram,Medium,Resolved,Agent_12,6.8,24,0,4,User Error,High,11,66.7,High,0.78
544,2025-12-24 00:00:00,Finance,VPN Access,Phone,Pune,Critical,Resolved,Agent_04,4.3,4,1,4,Unknown,Low,113,89.8,Critical,0.99
545,2025-10-07 00:00:00,IT Support,Application Error,Phone,Indore,Medium,Resolved,Agent_02,7.6,24,0,3,Network Congestion,High,21,57.7,High,0.69
546,2025-08-05 00:00:00,Network Operations,Security Alert,Phone,Gurugram,High,In Progress,Agent_08,1,8,0,2,Security Policy,Medium,34,95.2,Critical,0.99
547,2025-10-04 00:00:00,Engineering,Cloud Access,Portal,Delhi,Medium,Closed,Agent_08,4.3,24,0,4,Configuration,High,11,57.1,High,0.79
548,2025-11-29 00:00:00,Network Operations,Hardware Failure,Phone,Bhopal,Medium,Resolved,Agent_12,1,24,0,3,Software Bug,High,14,60,High,0.73
549,2025-11-28 00:00:00,Operations,Security Alert,Phone,Gurugram,High,Escalated,Agent_05,3.4,8,0,5,User Error,Medium,23,92.2,Critical,0.99
550,2026-01-06 00:00:00,Sales,Application Error,Email,Gurugram,High,Closed,Agent_04,9.4,8,1,2,Network Congestion,Medium,22,63.6,High,0.82
551,2026-02-09 00:00:00,HR,Password Reset,Teams,Mumbai,Low,Escalated,Agent_14,41.6,48,0,5,Network Congestion,Low,9,15.4,Low,0.99
552,2025-08-06 00:00:00,HR,Email Issue,Portal,Delhi,Medium,In Progress,Agent_03,3.8,24,0,4,User Error,Medium,8,44.7,Medium,0.64
553,2026-03-25 00:00:00,Network Operations,VPN Access,Teams,Gurugram,Low,In Progress,Agent_14,9.5,48,0,3,Unknown,Low,5,15.8,Low,0.99
554,2025-12-30 00:00:00,Sales,Security Alert,Teams,Gurugram,Critical,Closed,Agent_05,3.3,4,0,4,Security Policy,Low,104,100,Critical,0.99
555,2025-07-13 00:00:00,Cybersecurity,Email Issue,Email,Gurugram,High,Closed,Agent_09,3.2,8,0,4,Access Control,High,18,73.3,High,0.89
556,2026-04-05 00:00:00,Cybersecurity,Application Error,Teams,Bhopal,Medium,Closed,Agent_12,2.8,24,0,5,Configuration,Medium,8,55,High,0.65
557,2026-02-02 00:00:00,HR,Network Connectivity,Teams,Gurugram,Medium,Resolved,Agent_14,19.6,24,0,3,Network Congestion,High,11,53.1,Medium,0.65
558,2026-06-20 00:00:00,Finance,Password Reset,Portal,Pune,Medium,In Progress,Agent_06,8.4,24,0,4,Hardware,Medium,2,46.6,Medium,0.74
559,2026-06-26 00:00:00,Operations,Hardware Failure,Portal,Bengaluru,High,Resolved,Agent_05,3.6,8,0,4,Unknown,Medium,28,68.4,High,0.88
560,2026-04-12 00:00:00,Cybersecurity,Password Reset,Portal,Delhi,Low,Resolved,Agent_09,9.3,48,0,4,Security Policy,Low,3,27.2,Low,0.88
561,2026-03-30 00:00:00,HR,Application Error,Portal,Delhi,Critical,Resolved,Agent_03,2.2,4,0,4,Security Policy,Medium,34,85.8,Critical,0.96
562,2025-08-31 00:00:00,Cybersecurity,Hardware Failure,Phone,Delhi,Medium,Resolved,Agent_14,1.3,24,0,3,Configuration,High,2,61.5,High,0.7
563,2025-09-22 00:00:00,Network Operations,Application Error,Portal,Bhopal,Medium,Resolved,Agent_14,13.1,24,0,4,User Error,Medium,38,55.4,High,0.74
564,2026-02-02 00:00:00,Sales,Hardware Failure,Phone,Pune,Medium,In Progress,Agent_06,1.4,24,0,4,Configuration,Medium,6,50.8,Medium,0.65
565,2026-06-07 00:00:00,Network Operations,Application Error,Phone,Delhi,Medium,In Progress,Agent_10,3.5,24,0,4,Hardware,Low,5,42.3,Medium,0.82
566,2026-01-03 00:00:00,Sales,Endpoint Performance,Phone,Mumbai,Medium,Escalated,Agent_15,11.7,24,0,5,User Error,Medium,5,47.6,Medium,0.65
567,2025-07-19 00:00:00,Finance,Application Error,Teams,Mumbai,Critical,Resolved,Agent_07,1,4,0,5,Security Policy,High,74,100,Critical,0.99
568,2025-12-24 00:00:00,Network Operations,VPN Access,Portal,Pune,Medium,Resolved,Agent_05,6.9,24,0,5,Network Congestion,High,9,48.2,Medium,0.64
569,2025-10-08 00:00:00,Operations,Cloud Access,Phone,Bengaluru,High,Resolved,Agent_09,13,8,1,3,Unknown,High,31,83.3,Critical,0.99
570,2026-02-18 00:00:00,Cybersecurity,Application Error,Portal,Delhi,Low,Escalated,Agent_11,7.4,48,0,4,Network Congestion,Low,7,19.3,Low,0.98
571,2025-09-14 00:00:00,HR,VPN Access,Portal,Bengaluru,Medium,Resolved,Agent_09,4.2,24,0,5,Configuration,Medium,21,50.6,Medium,0.72
572,2026-03-22 00:00:00,Operations,Network Connectivity,Email,Bhopal,Medium,Resolved,Agent_11,18.5,24,0,5,Security Policy,Low,9,46.8,Medium,0.66
573,2026-04-10 00:00:00,HR,Endpoint Performance,Portal,Mumbai,Medium,Escalated,Agent_03,6.6,24,0,4,Hardware,Low,8,37.7,Medium,0.73
574,2026-01-22 00:00:00,IT Support,Network Connectivity,Phone,Delhi,Critical,Closed,Agent_15,1,4,0,3,Network Congestion,Medium,98,100,Critical,0.99
575,2026-02-08 00:00:00,Engineering,Wi-Fi Issue,Portal,Mumbai,Medium,In Progress,Agent_08,6.1,24,0,4,Security Policy,High,14,59,High,0.65
576,2025-08-21 00:00:00,Finance,Wi-Fi Issue,Phone,Bengaluru,Medium,Resolved,Agent_05,4.9,24,0,4,Access Control,Medium,4,55.4,High,0.72
577,2026-06-04 00:00:00,Finance,Application Error,Portal,Pune,Low,In Progress,Agent_06,15.6,48,0,4,Network Congestion,Low,14,21.6,Low,0.94
578,2025-11-21 00:00:00,IT Support,Hardware Failure,Teams,Delhi,Medium,Resolved,Agent_13,3.9,24,0,4,Network Congestion,Medium,2,49.9,Medium,0.64
579,2025-09-07 00:00:00,HR,Cloud Access,Email,Gurugram,Medium,Closed,Agent_07,10,24,0,5,Security Policy,High,6,64.6,High,0.88
580,2025-10-07 00:00:00,Cybersecurity,Email Issue,Teams,Delhi,Medium,Resolved,Agent_07,4.9,24,0,5,Software Bug,Low,7,33.5,Low,0.78
581,2025-07-25 00:00:00,Finance,Wi-Fi Issue,Phone,Mumbai,High,Resolved,Agent_14,9,8,1,3,User Error,Medium,21,72.7,High,0.97
582,2025-08-22 00:00:00,Cybersecurity,Password Reset,Phone,Bhopal,Medium,In Progress,Agent_05,15.4,24,0,5,Unknown,Medium,11,45.4,Medium,0.73
583,2025-11-28 00:00:00,Sales,Email Issue,Email,Indore,Low,In Progress,Agent_03,11.6,48,0,4,User Error,Low,8,20.2,Low,0.93
584,2025-11-21 00:00:00,Finance,Endpoint Performance,Portal,Mumbai,Medium,Resolved,Agent_02,4,24,0,4,Hardware,Low,11,42.9,Medium,0.74
585,2025-08-26 00:00:00,Engineering,Network Connectivity,Portal,Pune,Medium,Closed,Agent_08,6.3,24,0,4,Configuration,Medium,5,54.1,Medium,0.65
586,2025-08-08 00:00:00,Network Operations,Security Alert,Portal,Bhopal,Medium,Closed,Agent_09,10.2,24,0,4,Unknown,Low,6,53.3,Medium,0.66
587,2025-10-17 00:00:00,HR,Password Reset,Phone,Delhi,Medium,Resolved,Agent_13,15.1,24,0,4,Software Bug,Low,17,48.6,Medium,0.65
588,2025-12-28 00:00:00,Engineering,Application Error,Portal,Mumbai,Critical,Resolved,Agent_09,3.7,4,0,4,Software Bug,Medium,45,88.5,Critical,0.99
589,2025-08-11 00:00:00,Operations,Hardware Failure,Phone,Pune,Low,Escalated,Agent_12,12.3,48,0,3,User Error,Low,10,16.3,Low,0.99
590,2026-01-02 00:00:00,Engineering,Endpoint Performance,Phone,Indore,Medium,Resolved,Agent_04,35.6,24,1,3,User Error,High,17,57.3,High,0.68
591,2026-02-08 00:00:00,Operations,Email Issue,Phone,Bhopal,Low,Resolved,Agent_02,6.5,48,0,4,Security Policy,High,7,40.1,Medium,0.75
592,2025-10-30 00:00:00,IT Support,Email Issue,Email,Gurugram,High,Closed,Agent_03,4.7,8,0,4,Access Control,High,51,84.7,Critical,0.99
593,2025-11-10 00:00:00,HR,VPN Access,Portal,Bengaluru,Low,In Progress,Agent_15,18.7,48,0,5,Configuration,Medium,8,17,Low,0.98
594,2025-12-10 00:00:00,Sales,Network Connectivity,Portal,Mumbai,High,Resolved,Agent_04,3.4,8,0,4,Access Control,Low,23,67.6,High,0.85
595,2026-01-31 00:00:00,Sales,Wi-Fi Issue,Teams,Mumbai,Low,Escalated,Agent_06,4.4,48,0,3,Hardware,Medium,8,31.7,Low,0.82
596,2026-02-06 00:00:00,IT Support,Endpoint Performance,Teams,Mumbai,Medium,Resolved,Agent_12,8.1,24,0,4,Unknown,High,15,64.5,High,0.8
597,2026-02-20 00:00:00,Cybersecurity,Email Issue,Phone,Pune,High,Resolved,Agent_03,3.4,8,0,3,User Error,High,24,86.3,Critical,0.96
598,2026-05-27 00:00:00,Cybersecurity,Wi-Fi Issue,Teams,Pune,High,In Progress,Agent_01,1.2,8,0,4,Security Policy,Medium,29,69.6,High,0.82
599,2025-11-23 00:00:00,IT Support,Password Reset,Phone,Delhi,Medium,Resolved,Agent_02,3.8,24,0,4,Security Policy,High,6,57.9,High,0.78
600,2026-02-24 00:00:00,Engineering,Email Issue,Portal,Gurugram,Medium,Closed,Agent_06,14.5,24,0,5,User Error,High,3,48.5,Medium,0.67
601,2025-09-14 00:00:00,Network Operations,VPN Access,Email,Delhi,Critical,Resolved,Agent_02,1,4,0,4,Unknown,Low,48,83.5,Critical,0.99
602,2025-07-09 00:00:00,Network Operations,Email Issue,Email,Gurugram,Medium,Closed,Agent_08,6.4,24,0,4,Network Congestion,High,6,59.5,High,0.84
603,2025-09-12 00:00:00,Sales,Network Connectivity,Portal,Gurugram,High,Resolved,Agent_08,1,8,0,3,User Error,Low,33,68.6,High,0.76
604,2026-03-10 00:00:00,IT Support,Hardware Failure,Phone,Gurugram,High,Closed,Agent_12,6.4,8,0,4,Configuration,Medium,36,72,High,0.95
605,2026-02-15 00:00:00,Finance,Cloud Access,Email,Mumbai,Low,Resolved,Agent_04,8.3,48,0,4,User Error,Low,15,21.8,Low,0.99
606,2025-07-07 00:00:00,HR,VPN Access,Teams,Indore,Medium,Escalated,Agent_10,2.6,24,0,4,Hardware,Low,10,36.7,Medium,0.94
607,2025-12-21 00:00:00,Operations,Wi-Fi Issue,Email,Delhi,Medium,Resolved,Agent_08,1.6,24,0,4,Security Policy,High,7,53.6,Medium,0.68
608,2025-11-18 00:00:00,Cybersecurity,VPN Access,Portal,Gurugram,Medium,Resolved,Agent_03,11.5,24,0,5,Unknown,High,3,61.2,High,0.81
609,2025-12-15 00:00:00,Sales,Security Alert,Phone,Delhi,Medium,Escalated,Agent_14,6,24,0,5,Access Control,Medium,6,63.5,High,0.81
610,2025-12-17 00:00:00,HR,Cloud Access,Portal,Bengaluru,High,Escalated,Agent_08,5.1,8,0,4,Unknown,Medium,19,77.6,Critical,0.92
611,2026-04-09 00:00:00,IT Support,Application Error,Email,Pune,Medium,In Progress,Agent_15,14.2,24,0,4,Network Congestion,Low,3,41.7,Medium,0.7
612,2025-10-30 00:00:00,Finance,Network Connectivity,Portal,Indore,Critical,Resolved,Agent_15,2.6,4,0,5,Hardware,High,71,100,Critical,0.99
613,2026-01-10 00:00:00,IT Support,VPN Access,Teams,Pune,Medium,Resolved,Agent_15,17.8,24,0,5,Software Bug,Medium,11,48.7,Medium,0.72
614,2025-07-05 00:00:00,Finance,Email Issue,Phone,Bhopal,Medium,In Progress,Agent_12,3.7,24,0,3,User Error,Low,14,40.4,Medium,0.77
615,2025-07-29 00:00:00,Engineering,Security Alert,Portal,Bengaluru,High,Escalated,Agent_14,7,8,0,4,User Error,High,31,100,Critical,0.99
616,2025-12-12 00:00:00,Finance,Cloud Access,Email,Mumbai,High,Closed,Agent_01,5.7,8,0,4,Access Control,Low,37,66.3,High,0.83
617,2026-06-04 00:00:00,Operations,Security Alert,Teams,Delhi,Medium,Resolved,Agent_11,10.3,24,0,3,Configuration,High,10,73.3,High,0.91
618,2025-11-13 00:00:00,IT Support,Application Error,Phone,Gurugram,Low,In Progress,Agent_03,28,48,0,4,Access Control,High,14,32.9,Low,0.94
619,2026-06-30 00:00:00,HR,Wi-Fi Issue,Portal,Bhopal,Medium,Closed,Agent_13,8.5,24,0,5,User Error,Medium,16,55.5,High,0.75
620,2026-05-17 00:00:00,Operations,Email Issue,Phone,Delhi,Medium,Resolved,Agent_02,10.6,24,0,4,Unknown,Medium,13,48.9,Medium,0.61
621,2026-06-07 00:00:00,IT Support,Cloud Access,Teams,Pune,Low,In Progress,Agent_13,6.7,48,0,4,Hardware,Medium,7,28.5,Low,0.89
622,2025-11-22 00:00:00,Engineering,Password Reset,Portal,Bengaluru,Medium,In Progress,Agent_09,11,24,0,4,Software Bug,Low,14,43.3,Medium,0.66
623,2026-05-23 00:00:00,Network Operations,Email Issue,Phone,Delhi,Medium,Escalated,Agent_02,13.1,24,0,5,User Error,High,5,55.1,High,0.71
624,2026-02-02 00:00:00,Operations,Application Error,Phone,Pune,Low,Resolved,Agent_11,1,48,0,4,Configuration,High,2,43,Medium,0.77
625,2026-04-27 00:00:00,Cybersecurity,Endpoint Performance,Phone,Gurugram,High,Closed,Agent_08,6.2,8,0,5,Configuration,High,17,77.7,Critical,0.92
626,2025-11-09 00:00:00,HR,Email Issue,Phone,Indore,High,Resolved,Agent_01,6.7,8,0,5,Software Bug,Low,34,64.7,High,0.78
627,2026-04-18 00:00:00,Cybersecurity,Cloud Access,Phone,Bhopal,Medium,Resolved,Agent_08,6.6,24,0,5,Unknown,Medium,5,50.9,Medium,0.64
628,2025-09-08 00:00:00,Sales,Network Connectivity,Portal,Mumbai,High,Resolved,Agent_13,1,8,0,5,Network Congestion,High,37,82.4,Critical,0.97
629,2026-03-09 00:00:00,Engineering,Wi-Fi Issue,Portal,Mumbai,Medium,Resolved,Agent_10,15.5,24,0,4,Configuration,Medium,10,42.6,Medium,0.75
630,2026-04-01 00:00:00,Cybersecurity,Endpoint Performance,Email,Pune,Medium,Escalated,Agent_05,22.2,24,0,5,Configuration,High,1,67.1,High,0.86
631,2026-06-29 00:00:00,IT Support,Hardware Failure,Email,Bengaluru,Medium,Escalated,Agent_06,1,24,0,4,User Error,High,9,52.2,Medium,0.56
632,2025-12-29 00:00:00,Finance,Network Connectivity,Teams,Indore,Critical,In Progress,Agent_15,4.2,4,1,4,Access Control,High,40,100,Critical,0.99
633,2025-12-14 00:00:00,Network Operations,Hardware Failure,Portal,Indore,Medium,Closed,Agent_15,3.9,24,0,4,Configuration,High,1,57,High,0.67
634,2025-09-29 00:00:00,HR,Network Connectivity,Phone,Pune,High,Escalated,Agent_06,1.6,8,0,4,Access Control,Low,40,63.1,High,0.76
635,2026-01-18 00:00:00,Finance,Security Alert,Portal,Gurugram,Medium,Resolved,Agent_05,5,24,0,4,Security Policy,High,5,75,Critical,0.92
636,2026-06-11 00:00:00,Finance,Network Connectivity,Portal,Indore,Medium,Closed,Agent_03,4,24,0,2,User Error,High,9,55.2,High,0.7
637,2025-07-19 00:00:00,HR,Application Error,Teams,Indore,Medium,Closed,Agent_15,3,24,0,4,Access Control,Medium,44,51.4,Medium,0.69
638,2025-08-08 00:00:00,Cybersecurity,Hardware Failure,Portal,Mumbai,Low,In Progress,Agent_13,2.3,48,0,3,Software Bug,High,3,43.6,Medium,0.67
639,2025-11-03 00:00:00,Finance,Password Reset,Portal,Bengaluru,Critical,Resolved,Agent_15,2.3,4,0,4,Hardware,High,102,100,Critical,0.99
640,2025-12-20 00:00:00,Network Operations,Security Alert,Email,Indore,Medium,Resolved,Agent_01,5.9,24,0,4,Access Control,High,7,73.2,High,0.91
641,2025-11-18 00:00:00,Operations,Application Error,Phone,Bengaluru,High,Escalated,Agent_03,2.7,8,0,4,Software Bug,High,16,80.5,Critical,0.92
642,2026-02-27 00:00:00,Cybersecurity,VPN Access,Portal,Bhopal,High,In Progress,Agent_10,6.5,8,0,4,Software Bug,High,18,82.5,Critical,0.84
643,2026-02-05 00:00:00,HR,Cloud Access,Portal,Mumbai,Low,Resolved,Agent_13,12.3,48,0,4,Unknown,High,11,34.8,Low,0.85
644,2025-11-03 00:00:00,Engineering,Password Reset,Phone,Indore,High,Closed,Agent_03,6.8,8,0,4,Software Bug,Medium,11,70.1,High,0.82
645,2025-08-27 00:00:00,IT Support,Email Issue,Teams,Delhi,Critical,Resolved,Agent_12,2.5,4,0,5,Software Bug,Medium,50,97.5,Critical,0.99
646,2025-11-25 00:00:00,Network Operations,Email Issue,Portal,Bengaluru,High,Closed,Agent_14,3.2,8,0,3,Unknown,High,17,75.2,Critical,0.94
647,2026-05-13 00:00:00,Operations,Email Issue,Teams,Delhi,Low,Escalated,Agent_12,6.5,48,0,4,Access Control,Medium,6,20.1,Low,0.9
648,2026-06-26 00:00:00,IT Support,Application Error,Email,Bengaluru,Medium,Resolved,Agent_09,4.5,24,0,5,Security Policy,Low,4,34.3,Low,0.87
649,2025-07-01 00:00:00,Operations,Network Connectivity,Email,Indore,Medium,Closed,Agent_13,7.5,24,0,5,Network Congestion,Medium,3,49,Medium,0.7
650,2026-06-13 00:00:00,Cybersecurity,Hardware Failure,Teams,Pune,Medium,Resolved,Agent_09,12.1,24,0,4,Hardware,High,13,59.4,High,0.75
651,2026-01-06 00:00:00,Engineering,Hardware Failure,Email,Mumbai,Medium,Resolved,Agent_15,4.4,24,0,3,Hardware,High,9,55.5,High,0.78
652,2026-01-07 00:00:00,Operations,Application Error,Phone,Bengaluru,Low,Closed,Agent_15,13,48,0,4,Software Bug,High,9,37.6,Medium,0.78
653,2026-05-08 00:00:00,Network Operations,Hardware Failure,Phone,Pune,Medium,Escalated,Agent_12,8.1,24,0,5,User Error,Low,4,39.6,Medium,0.79
654,2025-10-25 00:00:00,Network Operations,VPN Access,Teams,Mumbai,Medium,In Progress,Agent_07,4.8,24,0,5,Hardware,High,25,64.4,High,0.77
655,2025-11-11 00:00:00,Operations,Application Error,Email,Delhi,Low,Resolved,Agent_14,3.1,48,0,2,Hardware,High,15,41.1,Medium,0.68
656,2025-08-27 00:00:00,Cybersecurity,Password Reset,Portal,Delhi,High,Closed,Agent_12,3.7,8,0,3,Unknown,Medium,22,69.4,High,0.84
657,2025-08-13 00:00:00,Cybersecurity,Endpoint Performance,Email,Indore,Critical,Resolved,Agent_01,5.5,4,1,3,Unknown,High,59,100,Critical,0.99
658,2025-12-20 00:00:00,Engineering,Hardware Failure,Email,Gurugram,High,Resolved,Agent_11,8.1,8,1,3,Unknown,Low,52,68.6,High,0.83
659,2025-12-07 00:00:00,Operations,Hardware Failure,Teams,Bhopal,Medium,Resolved,Agent_15,6.8,24,0,4,Network Congestion,Low,3,38.1,Medium,0.78
660,2025-12-20 00:00:00,HR,Cloud Access,Email,Indore,Low,Escalated,Agent_01,8.4,48,0,4,Hardware,Medium,18,29.1,Low,0.89
661,2026-05-13 00:00:00,Finance,Network Connectivity,Phone,Bhopal,Low,Closed,Agent_03,10.5,48,0,4,Network Congestion,Low,7,26.2,Low,0.9
662,2026-04-29 00:00:00,Cybersecurity,Cloud Access,Teams,Mumbai,Medium,Resolved,Agent_13,3.1,24,0,4,Network Congestion,Low,11,41.6,Medium,0.68
663,2025-11-26 00:00:00,Sales,Security Alert,Teams,Delhi,Low,Closed,Agent_02,18.8,48,0,5,Network Congestion,High,13,51.8,Medium,0.68
664,2025-09-18 00:00:00,Cybersecurity,Hardware Failure,Email,Mumbai,High,Resolved,Agent_09,5.1,8,0,3,Software Bug,High,28,81.1,Critical,0.97
665,2026-01-29 00:00:00,IT Support,Email Issue,Email,Gurugram,High,Escalated,Agent_08,25.7,8,1,3,Network Congestion,High,13,81.5,Critical,0.96
666,2026-01-19 00:00:00,Sales,Application Error,Phone,Gurugram,Medium,In Progress,Agent_15,8.2,24,0,5,Hardware,Medium,5,50.4,Medium,0.62
667,2026-03-09 00:00:00,Engineering,Cloud Access,Teams,Bengaluru,High,In Progress,Agent_05,6.7,8,0,4,Software Bug,Low,49,64.1,High,0.81
668,2026-02-14 00:00:00,Network Operations,Network Connectivity,Email,Bengaluru,High,Resolved,Agent_13,2.2,8,0,4,Security Policy,High,23,88.1,Critical,0.99
669,2025-12-11 00:00:00,IT Support,Application Error,Phone,Pune,Medium,Escalated,Agent_01,3,24,0,5,Software Bug,Low,5,40.9,Medium,0.8
670,2026-02-12 00:00:00,Finance,Endpoint Performance,Email,Pune,Medium,In Progress,Agent_13,13.4,24,0,5,Configuration,Medium,8,49.4,Medium,0.61
671,2025-11-24 00:00:00,Sales,VPN Access,Phone,Bengaluru,High,In Progress,Agent_04,3.8,8,0,5,Access Control,Low,19,63.7,High,0.82
672,2025-07-20 00:00:00,Engineering,Security Alert,Teams,Delhi,Low,Resolved,Agent_03,6.7,48,0,4,Unknown,Medium,14,47.8,Medium,0.61
673,2025-08-16 00:00:00,Sales,Wi-Fi Issue,Teams,Delhi,High,Escalated,Agent_05,1,8,0,4,Access Control,Low,23,62.1,High,0.72
674,2026-02-18 00:00:00,IT Support,Wi-Fi Issue,Portal,Gurugram,Medium,Resolved,Agent_03,8.1,24,0,5,Network Congestion,Low,8,34.1,Low,0.74
675,2026-05-01 00:00:00,Sales,Network Connectivity,Teams,Mumbai,High,Resolved,Agent_07,1.2,8,0,5,Hardware,High,35,87.6,Critical,0.99
676,2025-07-14 00:00:00,Network Operations,Cloud Access,Phone,Mumbai,High,Escalated,Agent_07,2.9,8,0,4,User Error,Low,27,63.9,High,0.81
677,2025-11-20 00:00:00,HR,Hardware Failure,Phone,Bengaluru,High,Resolved,Agent_05,4.9,8,0,5,Hardware,Low,69,70.2,High,0.85
678,2025-07-01 00:00:00,Sales,VPN Access,Email,Delhi,Medium,Resolved,Agent_09,5.1,24,0,4,Configuration,Medium,7,42.6,Medium,0.76
679,2025-08-23 00:00:00,Cybersecurity,Hardware Failure,Portal,Pune,High,Escalated,Agent_13,1.7,8,0,4,Access Control,High,21,85.7,Critical,0.95
680,2026-03-16 00:00:00,Network Operations,Password Reset,Portal,Indore,High,Closed,Agent_14,1.4,8,0,4,User Error,Medium,29,71.4,High,0.85
681,2025-11-21 00:00:00,Finance,Network Connectivity,Email,Mumbai,High,Resolved,Agent_15,4.8,8,0,4,Configuration,Medium,21,75.5,Critical,0.86
682,2025-07-12 00:00:00,Finance,VPN Access,Email,Gurugram,High,Escalated,Agent_04,1.6,8,0,5,Software Bug,Low,19,65.1,High,0.79
683,2026-05-26 00:00:00,Finance,Endpoint Performance,Phone,Delhi,Medium,Resolved,Agent_03,15.6,24,0,4,Hardware,Medium,4,40.6,Medium,0.75
684,2026-02-09 00:00:00,Network Operations,Endpoint Performance,Email,Gurugram,Medium,Resolved,Agent_09,18.5,24,0,5,Access Control,Low,8,45.3,Medium,0.67
685,2026-03-29 00:00:00,Sales,Wi-Fi Issue,Phone,Indore,High,Resolved,Agent_03,4,8,0,3,User Error,High,21,79.2,Critical,0.9
686,2026-06-23 00:00:00,Sales,Endpoint Performance,Teams,Bhopal,Low,Closed,Agent_01,9.1,48,0,4,User Error,High,6,40.4,Medium,0.83
687,2025-12-03 00:00:00,IT Support,Application Error,Email,Bengaluru,Medium,Escalated,Agent_15,12.6,24,0,4,Unknown,High,10,64.1,High,0.72
688,2025-07-08 00:00:00,Sales,Cloud Access,Phone,Pune,High,Escalated,Agent_09,10.5,8,1,4,User Error,High,39,88.6,Critical,0.99
689,2025-10-30 00:00:00,Cybersecurity,Hardware Failure,Email,Delhi,High,Escalated,Agent_08,4.1,8,0,4,Network Congestion,Medium,14,72.3,High,0.82
690,2026-06-13 00:00:00,Engineering,Hardware Failure,Portal,Indore,Low,In Progress,Agent_15,12.4,48,0,4,Access Control,Medium,4,31.6,Low,0.83
691,2025-12-11 00:00:00,Cybersecurity,Application Error,Phone,Delhi,High,Resolved,Agent_01,15.3,8,1,2,User Error,Medium,27,80.9,Critical,0.99
692,2025-09-28 00:00:00,Network Operations,Hardware Failure,Phone,Bengaluru,Medium,Resolved,Agent_13,4.9,24,0,3,Access Control,Medium,4,46.5,Medium,0.69
693,2025-11-13 00:00:00,Cybersecurity,Cloud Access,Email,Bengaluru,High,Resolved,Agent_11,8.2,8,1,3,User Error,Medium,53,69.4,High,0.84
694,2026-01-02 00:00:00,Engineering,Endpoint Performance,Teams,Gurugram,Medium,In Progress,Agent_09,1.7,24,0,4,Hardware,Low,5,39.4,Medium,0.74
695,2026-05-12 00:00:00,Operations,Hardware Failure,Email,Pune,Medium,Escalated,Agent_07,5.5,24,0,4,Security Policy,High,17,64.4,High,0.76
696,2025-12-25 00:00:00,Sales,Cloud Access,Portal,Indore,Medium,Resolved,Agent_15,6.5,24,0,5,Unknown,High,14,64.9,High,0.82
697,2025-07-28 00:00:00,Engineering,VPN Access,Phone,Gurugram,Low,Closed,Agent_05,13.5,48,0,4,Security Policy,Low,2,18.8,Low,0.96
698,2026-02-05 00:00:00,Network Operations,VPN Access,Teams,Pune,High,Escalated,Agent_04,2.5,8,0,5,Hardware,Low,13,67.5,High,0.83
699,2026-06-22 00:00:00,IT Support,Cloud Access,Portal,Mumbai,Low,In Progress,Agent_07,1,48,0,4,Unknown,Medium,7,30.5,Low,0.84
700,2025-08-10 00:00:00,HR,Email Issue,Phone,Pune,Medium,Escalated,Agent_15,4.7,24,0,3,Security Policy,Medium,27,46,Medium,0.66
701,2026-02-13 00:00:00,Network Operations,Security Alert,Email,Gurugram,Critical,Closed,Agent_01,1.4,4,0,2,Access Control,Low,66,100,Critical,0.99
702,2026-01-08 00:00:00,IT Support,Wi-Fi Issue,Email,Mumbai,Medium,Resolved,Agent_14,12.9,24,0,4,Network Congestion,Low,5,38.9,Medium,0.74
703,2025-11-22 00:00:00,HR,Network Connectivity,Teams,Mumbai,High,Escalated,Agent_07,3.8,8,0,4,Security Policy,Medium,45,66.5,High,0.82
704,2026-01-17 00:00:00,Operations,Application Error,Portal,Mumbai,Low,Resolved,Agent_09,15.7,48,0,4,Security Policy,Low,6,25.1,Low,0.96
705,2026-01-28 00:00:00,Operations,Security Alert,Portal,Pune,Critical,Escalated,Agent_01,5.8,4,1,4,User Error,Low,59,100,Critical,0.99
706,2026-02-05 00:00:00,Cybersecurity,Network Connectivity,Teams,Mumbai,Medium,Resolved,Agent_03,16.7,24,0,4,Security Policy,Low,8,37.9,Medium,0.72
707,2026-02-25 00:00:00,Operations,Hardware Failure,Portal,Bengaluru,Medium,In Progress,Agent_07,5.8,24,0,4,Access Control,Medium,9,54.4,Medium,0.65
708,2025-08-15 00:00:00,Cybersecurity,Email Issue,Teams,Gurugram,Low,Closed,Agent_04,16.7,48,0,3,Network Congestion,High,8,38.8,Medium,0.71
709,2025-08-04 00:00:00,Sales,Application Error,Email,Bhopal,Medium,Escalated,Agent_02,9,24,0,4,Unknown,Medium,9,55.2,High,0.62
710,2026-03-10 00:00:00,Cybersecurity,VPN Access,Phone,Bengaluru,High,In Progress,Agent_04,12.8,8,1,3,Unknown,High,11,76.5,Critical,0.82
711,2025-09-20 00:00:00,Finance,VPN Access,Email,Pune,High,Resolved,Agent_09,6.5,8,0,5,Unknown,Medium,37,69.2,High,0.83
712,2026-03-13 00:00:00,Sales,Cloud Access,Teams,Pune,Critical,Resolved,Agent_01,1,4,0,3,Network Congestion,Medium,61,89.6,Critical,0.99
713,2026-01-13 00:00:00,Finance,Cloud Access,Email,Mumbai,Medium,Resolved,Agent_01,9.6,24,0,3,Network Congestion,High,5,54.3,Medium,0.68
714,2026-04-29 00:00:00,IT Support,Cloud Access,Phone,Bengaluru,Low,In Progress,Agent_14,6.9,48,0,3,Network Congestion,Low,11,24.8,Low,0.92
715,2025-07-10 00:00:00,Cybersecurity,Endpoint Performance,Phone,Pune,High,Resolved,Agent_10,2.3,8,0,5,Hardware,High,20,79.2,Critical,0.99
716,2026-05-08 00:00:00,Cybersecurity,Cloud Access,Teams,Pune,High,Resolved,Agent_08,7.9,8,0,4,Hardware,High,37,85.4,Critical,0.99
717,2026-04-12 00:00:00,IT Support,Wi-Fi Issue,Phone,Bhopal,Critical,In Progress,Agent_13,2.1,4,0,5,Security Policy,Low,124,95.5,Critical,0.99
718,2026-02-27 00:00:00,HR,Application Error,Teams,Mumbai,Medium,Resolved,Agent_12,3.9,24,0,4,Access Control,High,9,60.1,High,0.79
719,2026-03-08 00:00:00,Finance,Network Connectivity,Email,Bhopal,Medium,Closed,Agent_05,9.1,24,0,3,Unknown,Medium,31,52.8,Medium,0.71
720,2026-06-30 00:00:00,HR,Wi-Fi Issue,Teams,Mumbai,High,Closed,Agent_09,4.5,8,0,5,Security Policy,Medium,32,73.4,High,0.91
721,2025-07-05 00:00:00,Finance,Network Connectivity,Teams,Bengaluru,High,In Progress,Agent_02,5,8,0,4,Access Control,High,13,85.6,Critical,0.99
722,2025-10-27 00:00:00,Finance,Application Error,Phone,Pune,Medium,Resolved,Agent_11,12.1,24,0,4,Security Policy,Medium,4,54.3,Medium,0.7
723,2026-04-15 00:00:00,HR,Hardware Failure,Portal,Gurugram,Medium,Escalated,Agent_06,11.8,24,0,4,Configuration,Low,24,44,Medium,0.74
724,2025-09-03 00:00:00,Network Operations,Network Connectivity,Email,Bengaluru,Low,Resolved,Agent_08,8.9,48,0,4,Access Control,High,9,30.7,Low,0.81
725,2025-11-23 00:00:00,Finance,Email Issue,Phone,Indore,Low,In Progress,Agent_01,4.2,48,0,5,Software Bug,Low,7,19.8,Low,0.99
726,2026-02-09 00:00:00,Network Operations,Cloud Access,Email,Bhopal,High,Resolved,Agent_13,3.2,8,0,5,Hardware,Medium,40,75.6,Critical,0.89
727,2026-02-24 00:00:00,Cybersecurity,VPN Access,Phone,Pune,High,Resolved,Agent_15,3,8,0,4,Network Congestion,High,30,79.1,Critical,0.99
728,2025-12-24 00:00:00,Sales,Application Error,Phone,Indore,High,Resolved,Agent_07,2.7,8,0,5,Access Control,Low,22,62.3,High,0.69
729,2026-03-24 00:00:00,Finance,Network Connectivity,Phone,Indore,Medium,Closed,Agent_10,7.7,24,0,4,Security Policy,Low,12,40.8,Medium,0.76
730,2026-06-06 00:00:00,Engineering,Password Reset,Email,Indore,Medium,Closed,Agent_10,10.9,24,0,5,User Error,Low,3,38.4,Medium,0.75
731,2026-04-08 00:00:00,Finance,Hardware Failure,Email,Bhopal,Low,In Progress,Agent_05,1.5,48,0,4,Unknown,High,9,36.5,Medium,0.75
732,2025-09-01 00:00:00,Engineering,Network Connectivity,Portal,Mumbai,High,Resolved,Agent_05,4.7,8,0,5,Hardware,High,21,90,Critical,0.99
733,2026-02-02 00:00:00,Operations,Security Alert,Email,Gurugram,High,Closed,Agent_07,3,8,0,5,User Error,Medium,25,78.6,Critical,0.95
734,2026-06-07 00:00:00,HR,Wi-Fi Issue,Email,Bengaluru,Critical,Closed,Agent_09,6.3,4,1,4,Access Control,Low,115,100,Critical,0.99
735,2026-05-11 00:00:00,Finance,Security Alert,Teams,Bhopal,High,Escalated,Agent_09,7.3,8,0,5,Access Control,Low,27,77.8,Critical,0.91
736,2026-04-09 00:00:00,Engineering,VPN Access,Phone,Mumbai,Medium,In Progress,Agent_07,4.2,24,0,4,Software Bug,Low,11,39.9,Medium,0.74
737,2025-12-24 00:00:00,Operations,Endpoint Performance,Email,Mumbai,Medium,Closed,Agent_15,2.7,24,0,5,Unknown,Low,17,41.3,Medium,0.68
738,2025-10-06 00:00:00,Cybersecurity,Email Issue,Email,Indore,Low,In Progress,Agent_08,6.7,48,0,4,Security Policy,Low,12,21.9,Low,0.92
739,2025-10-13 00:00:00,Finance,VPN Access,Teams,Gurugram,Critical,Closed,Agent_06,3.6,4,0,3,Configuration,Low,37,83.3,Critical,0.99
740,2025-10-07 00:00:00,IT Support,Security Alert,Teams,Bhopal,Medium,Escalated,Agent_09,5.3,24,0,5,Unknown,High,14,75.6,Critical,0.83
741,2026-05-07 00:00:00,Cybersecurity,Wi-Fi Issue,Portal,Bhopal,Low,Resolved,Agent_11,14.1,48,0,5,Configuration,Medium,9,30.2,Low,0.86
742,2025-07-06 00:00:00,IT Support,Hardware Failure,Portal,Mumbai,Medium,Resolved,Agent_11,9.3,24,0,4,Configuration,Low,5,38.6,Medium,0.79
743,2026-01-13 00:00:00,Network Operations,Endpoint Performance,Teams,Gurugram,Low,In Progress,Agent_14,6.3,48,0,4,User Error,Low,5,20.6,Low,0.99
744,2026-06-16 00:00:00,Engineering,VPN Access,Portal,Bhopal,High,Closed,Agent_14,10.8,8,1,2,Security Policy,Medium,44,75.3,Critical,0.9
745,2025-11-10 00:00:00,Network Operations,Security Alert,Portal,Pune,High,Resolved,Agent_03,8.6,8,1,4,Access Control,Low,39,83.9,Critical,0.98
746,2026-06-23 00:00:00,Network Operations,VPN Access,Phone,Indore,High,Resolved,Agent_09,1,8,0,5,Hardware,High,18,81.3,Critical,0.99
747,2026-03-16 00:00:00,HR,Hardware Failure,Email,Indore,Low,Escalated,Agent_07,2,48,0,5,Hardware,High,12,37.1,Medium,0.8
748,2025-07-23 00:00:00,Engineering,Network Connectivity,Email,Bhopal,Low,Resolved,Agent_11,4.1,48,0,4,Network Congestion,High,28,35.1,Medium,0.79
749,2025-08-22 00:00:00,Engineering,Application Error,Portal,Indore,Low,Resolved,Agent_08,9.8,48,0,4,Security Policy,High,8,36.1,Medium,0.79
750,2025-12-12 00:00:00,Cybersecurity,Email Issue,Email,Gurugram,Low,Closed,Agent_02,14.7,48,0,2,Network Congestion,High,9,45.4,Medium,0.65
751,2026-01-18 00:00:00,Operations,Security Alert,Email,Gurugram,Medium,Resolved,Agent_02,2.8,24,0,4,Access Control,High,13,70,High,0.83
752,2025-09-21 00:00:00,HR,Wi-Fi Issue,Teams,Delhi,Medium,Resolved,Agent_01,28.1,24,1,3,Software Bug,Medium,10,58.7,High,0.64
753,2025-11-22 00:00:00,Cybersecurity,VPN Access,Teams,Bengaluru,Medium,Escalated,Agent_01,1,24,0,5,Access Control,Low,5,43.5,Medium,0.72
754,2025-09-23 00:00:00,HR,Endpoint Performance,Teams,Pune,Medium,Closed,Agent_02,3.4,24,0,4,Configuration,Low,36,49.1,Medium,0.75
755,2025-09-16 00:00:00,Cybersecurity,Wi-Fi Issue,Portal,Delhi,Low,In Progress,Agent_02,2.3,48,0,4,Software Bug,Low,40,26.5,Low,0.92
756,2025-07-01 00:00:00,Sales,Hardware Failure,Teams,Indore,High,Resolved,Agent_02,7,8,0,4,Access Control,Low,36,70.6,High,0.82
757,2025-08-20 00:00:00,Network Operations,Email Issue,Portal,Mumbai,Medium,Resolved,Agent_15,15.8,24,0,4,Software Bug,Medium,8,45.2,Medium,0.63
758,2025-12-20 00:00:00,Engineering,VPN Access,Teams,Bhopal,Critical,Resolved,Agent_08,4,4,0,3,Hardware,Low,112,100,Critical,0.99
759,2026-01-21 00:00:00,Sales,Application Error,Portal,Bengaluru,High,Escalated,Agent_04,4.1,8,0,4,Access Control,Medium,18,73.2,High,0.87
760,2026-03-17 00:00:00,IT Support,Password Reset,Email,Pune,Low,Closed,Agent_07,16,48,0,3,Hardware,Medium,3,37.8,Medium,0.69
761,2026-04-14 00:00:00,HR,Security Alert,Phone,Gurugram,Medium,Escalated,Agent_15,2.2,24,0,4,Hardware,High,12,82.8,Critical,0.99
762,2025-08-03 00:00:00,HR,Cloud Access,Email,Bengaluru,High,Closed,Agent_08,2.7,8,0,4,Unknown,Low,40,71.3,High,0.84
763,2026-06-13 00:00:00,IT Support,Endpoint Performance,Teams,Mumbai,High,Resolved,Agent_10,7.7,8,0,3,Software Bug,Medium,53,80.8,Critical,0.99
764,2025-10-03 00:00:00,Cybersecurity,Cloud Access,Email,Bengaluru,Critical,Resolved,Agent_01,2.6,4,0,5,Security Policy,Medium,90,100,Critical,0.99
765,2025-09-10 00:00:00,Operations,Wi-Fi Issue,Teams,Delhi,High,Resolved,Agent_04,1,8,0,4,User Error,Medium,33,69,High,0.82
766,2025-08-08 00:00:00,IT Support,Wi-Fi Issue,Teams,Indore,Low,Resolved,Agent_11,20,48,0,4,User Error,Low,2,15.9,Low,0.99
767,2025-12-01 00:00:00,Engineering,Network Connectivity,Phone,Indore,High,In Progress,Agent_01,1,8,0,5,Unknown,High,29,74.5,High,0.91
768,2026-03-07 00:00:00,Cybersecurity,Hardware Failure,Teams,Indore,High,Resolved,Agent_12,5.7,8,0,4,Configuration,High,24,80.8,Critical,0.85
769,2025-12-09 00:00:00,Operations,VPN Access,Phone,Gurugram,Low,Closed,Agent_12,2,48,0,4,Software Bug,Medium,4,32.5,Low,0.95
770,2025-10-26 00:00:00,Sales,VPN Access,Email,Gurugram,Critical,Escalated,Agent_02,1.2,4,0,4,Security Policy,Medium,38,93,Critical,0.99
771,2026-03-16 00:00:00,Engineering,Security Alert,Email,Pune,Medium,Escalated,Agent_12,14.4,24,0,4,User Error,High,4,72.1,High,0.93
772,2026-05-02 00:00:00,HR,Wi-Fi Issue,Portal,Pune,Medium,Resolved,Agent_08,13.1,24,0,4,Software Bug,High,17,62.1,High,0.74
773,2026-03-25 00:00:00,Sales,Email Issue,Phone,Pune,Medium,Closed,Agent_01,10.1,24,0,5,User Error,Medium,13,51.3,Medium,0.74
774,2025-08-23 00:00:00,Sales,Security Alert,Teams,Bengaluru,High,Resolved,Agent_09,2.9,8,0,4,Network Congestion,Medium,38,100,Critical,0.99
775,2026-02-21 00:00:00,Sales,Hardware Failure,Email,Indore,High,Closed,Agent_07,3,8,0,4,Hardware,Low,12,61.2,High,0.84
776,2026-02-07 00:00:00,Network Operations,Endpoint Performance,Email,Indore,Medium,Escalated,Agent_08,18.4,24,0,4,Hardware,Low,12,46,Medium,0.83
777,2026-03-08 00:00:00,IT Support,Email Issue,Phone,Bengaluru,Critical,In Progress,Agent_06,1,4,0,5,Security Policy,Low,103,92.3,Critical,0.99
778,2026-05-09 00:00:00,IT Support,Hardware Failure,Phone,Indore,Low,Resolved,Agent_11,5.3,48,0,5,Access Control,High,2,37.1,Medium,0.73
779,2025-10-20 00:00:00,Sales,Application Error,Phone,Bengaluru,Medium,Escalated,Agent_14,25.2,24,1,4,Unknown,High,23,58.3,High,0.63
780,2026-03-12 00:00:00,Finance,Hardware Failure,Portal,Delhi,Medium,Resolved,Agent_08,17.1,24,0,3,Access Control,Low,16,40.1,Medium,0.73
781,2026-04-29 00:00:00,IT Support,Endpoint Performance,Portal,Pune,Medium,Resolved,Agent_15,7.6,24,0,4,Hardware,High,13,48.6,Medium,0.69
782,2026-01-23 00:00:00,Finance,Wi-Fi Issue,Portal,Indore,High,Escalated,Agent_03,6.1,8,0,4,Hardware,High,51,84.9,Critical,0.98
783,2026-02-14 00:00:00,Network Operations,Email Issue,Email,Pune,Medium,Closed,Agent_06,6.9,24,0,5,Hardware,Medium,15,50.1,Medium,0.71
784,2026-06-06 00:00:00,IT Support,Email Issue,Phone,Pune,Low,Closed,Agent_03,11.2,48,0,4,Network Congestion,High,15,39.9,Medium,0.72
785,2025-09-04 00:00:00,IT Support,VPN Access,Teams,Bengaluru,High,Closed,Agent_01,7.1,8,0,4,Access Control,Medium,21,69.6,High,0.78
786,2025-09-13 00:00:00,Engineering,Endpoint Performance,Phone,Delhi,Critical,In Progress,Agent_13,1,4,0,3,Unknown,High,55,100,Critical,0.99
787,2025-10-11 00:00:00,Network Operations,Security Alert,Teams,Bhopal,Medium,In Progress,Agent_05,13,24,0,5,Configuration,Low,17,54.7,Medium,0.7
788,2026-01-08 00:00:00,HR,Application Error,Teams,Pune,Low,Resolved,Agent_11,1,48,0,4,Software Bug,High,19,48,Medium,0.62
789,2026-03-09 00:00:00,HR,Cloud Access,Phone,Indore,Low,In Progress,Agent_11,3.8,48,0,4,User Error,Medium,3,35.4,Medium,0.82
790,2026-02-11 00:00:00,Operations,Wi-Fi Issue,Portal,Bengaluru,Medium,In Progress,Agent_01,5.1,24,0,4,Access Control,High,5,53.7,Medium,0.74
791,2026-04-20 00:00:00,Cybersecurity,Application Error,Teams,Pune,Medium,Resolved,Agent_06,3.2,24,0,4,Access Control,Medium,28,48.8,Medium,0.6
792,2026-05-02 00:00:00,Engineering,Endpoint Performance,Email,Indore,High,Closed,Agent_13,1.4,8,0,3,Unknown,High,26,90.5,Critical,0.99
793,2025-10-06 00:00:00,Cybersecurity,Endpoint Performance,Teams,Mumbai,High,Resolved,Agent_02,4.4,8,0,4,Hardware,High,63,84.4,Critical,0.84
794,2026-06-03 00:00:00,Finance,Email Issue,Teams,Delhi,Medium,Resolved,Agent_15,17.4,24,0,4,Security Policy,Low,28,44,Medium,0.78
795,2026-04-12 00:00:00,IT Support,VPN Access,Teams,Mumbai,Critical,Closed,Agent_08,8.7,4,1,3,Hardware,Low,113,95.2,Critical,0.99
796,2026-05-31 00:00:00,Cybersecurity,Email Issue,Teams,Pune,Medium,Resolved,Agent_14,15.4,24,0,4,Network Congestion,Medium,21,44.3,Medium,0.78
797,2026-06-12 00:00:00,Engineering,Hardware Failure,Portal,Bhopal,High,Resolved,Agent_11,7.2,8,0,5,Unknown,Medium,21,71.5,High,0.97
798,2026-05-04 00:00:00,Finance,VPN Access,Teams,Indore,High,Escalated,Agent_01,6.6,8,0,5,User Error,High,16,81.8,Critical,0.99
799,2026-03-06 00:00:00,Engineering,Endpoint Performance,Email,Gurugram,High,In Progress,Agent_07,1.3,8,0,4,Network Congestion,Medium,28,71,High,0.76
800,2025-12-13 00:00:00,Network Operations,Hardware Failure,Phone,Gurugram,High,Resolved,Agent_10,9.1,8,1,4,Configuration,Medium,12,68.6,High,0.84
801,2026-05-31 00:00:00,Sales,Password Reset,Teams,Mumbai,Low,Resolved,Agent_05,7.1,48,0,4,Access Control,Low,12,17.6,Low,0.99
802,2025-07-30 00:00:00,Sales,Application Error,Email,Pune,Medium,Escalated,Agent_09,5.7,24,0,5,Software Bug,Low,8,35.5,Medium,0.88
803,2026-03-04 00:00:00,Network Operations,Password Reset,Portal,Gurugram,Medium,Resolved,Agent_13,3.1,24,0,3,Network Congestion,High,30,58,High,0.68
804,2025-10-14 00:00:00,Sales,Endpoint Performance,Email,Gurugram,Medium,Resolved,Agent_03,5.7,24,0,5,Network Congestion,Low,18,39.8,Medium,0.79
805,2025-08-20 00:00:00,Engineering,Security Alert,Teams,Pune,Critical,Resolved,Agent_03,1.8,4,0,3,Software Bug,Low,58,97.8,Critical,0.99
806,2025-09-19 00:00:00,Network Operations,Email Issue,Teams,Bengaluru,High,Resolved,Agent_08,4.4,8,0,4,Access Control,Low,7,58.3,High,0.79
807,2025-11-10 00:00:00,Sales,Endpoint Performance,Portal,Delhi,Medium,In Progress,Agent_13,8.6,24,0,4,Access Control,High,4,60.9,High,0.75
808,2026-04-11 00:00:00,Finance,Password Reset,Email,Mumbai,High,Resolved,Agent_03,7.7,8,0,5,Software Bug,Low,40,68.4,High,0.77
809,2025-11-15 00:00:00,Cybersecurity,Endpoint Performance,Portal,Indore,Critical,Closed,Agent_02,1,4,0,3,Configuration,High,36,96.5,Critical,0.99
810,2025-12-31 00:00:00,Operations,Hardware Failure,Email,Indore,Low,Escalated,Agent_10,14.7,48,0,4,Configuration,High,4,42.2,Medium,0.69
811,2026-05-26 00:00:00,Network Operations,Hardware Failure,Phone,Bhopal,Low,Escalated,Agent_13,14.7,48,0,4,User Error,Low,5,19.8,Low,0.99
812,2026-03-30 00:00:00,HR,VPN Access,Portal,Indore,High,Resolved,Agent_14,10.8,8,1,4,Network Congestion,Low,12,67,High,0.81
813,2026-06-05 00:00:00,Sales,Cloud Access,Phone,Indore,High,Escalated,Agent_09,6.4,8,0,3,User Error,High,22,78.1,Critical,0.96
814,2025-09-07 00:00:00,IT Support,VPN Access,Portal,Mumbai,Medium,Resolved,Agent_15,10.4,24,0,5,Configuration,Low,7,39.3,Medium,0.66
815,2025-08-03 00:00:00,HR,VPN Access,Teams,Pune,High,Resolved,Agent_02,3.3,8,0,3,Hardware,Medium,67,67.3,High,0.77
816,2026-03-19 00:00:00,Operations,Security Alert,Teams,Indore,High,Closed,Agent_06,1,8,0,4,User Error,Low,31,74.8,High,0.99
817,2025-08-22 00:00:00,Network Operations,Hardware Failure,Portal,Bengaluru,High,Escalated,Agent_12,1.5,8,0,3,Configuration,Medium,31,75.7,Critical,0.9
818,2026-01-21 00:00:00,Sales,VPN Access,Teams,Bhopal,Medium,Closed,Agent_12,6.8,24,0,4,Network Congestion,High,1,61.5,High,0.89
819,2025-11-03 00:00:00,HR,Hardware Failure,Teams,Pune,Critical,Closed,Agent_15,2.5,4,0,4,Unknown,Low,34,83.8,Critical,0.93
820,2026-02-20 00:00:00,Cybersecurity,Security Alert,Email,Mumbai,High,Resolved,Agent_09,1.4,8,0,3,User Error,Medium,35,84.2,Critical,0.94
821,2025-08-12 00:00:00,Cybersecurity,VPN Access,Teams,Bengaluru,High,Resolved,Agent_02,15.3,8,1,3,Access Control,High,17,79.2,Critical,0.9
822,2026-02-25 00:00:00,Sales,Email Issue,Portal,Gurugram,High,Closed,Agent_14,5.9,8,0,3,Security Policy,Low,15,63.2,High,0.76
823,2025-10-19 00:00:00,Finance,Hardware Failure,Phone,Delhi,High,Escalated,Agent_08,11.1,8,1,3,Security Policy,Medium,25,70.1,High,0.85
824,2026-03-06 00:00:00,Finance,Hardware Failure,Portal,Delhi,Medium,Resolved,Agent_08,3.4,24,0,4,Unknown,Medium,10,55.7,High,0.84
825,2025-11-28 00:00:00,Cybersecurity,Email Issue,Email,Bhopal,High,Resolved,Agent_01,6.7,8,0,5,Hardware,Medium,32,72.3,High,0.95
826,2025-12-30 00:00:00,Sales,Application Error,Portal,Pune,Medium,Resolved,Agent_11,17.1,24,0,4,Unknown,Low,9,46.3,Medium,0.62
827,2026-06-01 00:00:00,HR,Hardware Failure,Phone,Mumbai,Medium,In Progress,Agent_09,3.3,24,0,4,Access Control,Medium,10,62.5,High,0.83
828,2025-10-03 00:00:00,IT Support,Wi-Fi Issue,Email,Bengaluru,High,Resolved,Agent_06,1.9,8,0,4,Security Policy,Medium,28,71.4,High,0.92
829,2025-07-08 00:00:00,Engineering,Hardware Failure,Email,Bhopal,Low,Escalated,Agent_15,29.8,48,0,3,Hardware,Medium,11,26.6,Low,0.91
830,2026-06-25 00:00:00,Operations,Hardware Failure,Portal,Pune,High,Closed,Agent_11,3.4,8,0,5,Unknown,Low,29,59.7,High,0.73
831,2025-12-31 00:00:00,Engineering,Wi-Fi Issue,Teams,Gurugram,High,In Progress,Agent_05,4.5,8,0,4,Unknown,Low,19,57.5,High,0.72
832,2026-04-07 00:00:00,Operations,Cloud Access,Phone,Delhi,Critical,Resolved,Agent_10,1,4,0,3,Configuration,Low,31,81.5,Critical,0.93
833,2026-01-11 00:00:00,Sales,Password Reset,Phone,Delhi,High,Resolved,Agent_07,7.3,8,0,5,User Error,High,22,83.3,Critical,0.97
834,2026-06-17 00:00:00,Sales,Application Error,Phone,Bengaluru,Medium,Escalated,Agent_04,1.5,24,0,5,Software Bug,Low,23,41.5,Medium,0.76
835,2026-01-11 00:00:00,Network Operations,Endpoint Performance,Email,Delhi,Medium,Resolved,Agent_01,4.7,24,0,4,Access Control,Low,12,43.7,Medium,0.72
836,2025-12-02 00:00:00,Engineering,Network Connectivity,Teams,Gurugram,High,Closed,Agent_12,11.3,8,1,2,Unknown,Medium,18,68,High,0.94
837,2025-10-01 00:00:00,IT Support,Cloud Access,Phone,Bengaluru,Medium,Resolved,Agent_02,17.7,24,0,4,Unknown,High,9,55.2,High,0.75
838,2025-12-07 00:00:00,HR,VPN Access,Phone,Bengaluru,High,Escalated,Agent_10,3.3,8,0,5,Network Congestion,Medium,14,72.2,High,0.95
839,2025-08-30 00:00:00,Operations,Security Alert,Portal,Bengaluru,High,Resolved,Agent_05,7.4,8,0,4,Network Congestion,High,16,88.6,Critical,0.99
840,2025-10-30 00:00:00,Finance,Network Connectivity,Teams,Delhi,Medium,Escalated,Agent_12,3.9,24,0,3,User Error,Low,10,44.4,Medium,0.63
841,2025-08-20 00:00:00,Sales,Cloud Access,Phone,Bhopal,Medium,In Progress,Agent_07,3.9,24,0,4,Software Bug,Medium,19,48.5,Medium,0.73
842,2026-04-03 00:00:00,Network Operations,Security Alert,Phone,Gurugram,High,Closed,Agent_06,9.2,8,1,3,Software Bug,High,30,93.5,Critical,0.99
843,2025-07-05 00:00:00,Operations,Application Error,Phone,Gurugram,Medium,Escalated,Agent_03,6,24,0,4,Configuration,High,33,59.9,High,0.76
844,2025-09-30 00:00:00,Cybersecurity,Wi-Fi Issue,Teams,Indore,Medium,Escalated,Agent_05,15.9,24,0,4,Security Policy,Medium,2,51.6,Medium,0.67
845,2025-12-17 00:00:00,IT Support,Cloud Access,Portal,Pune,Medium,Resolved,Agent_12,9.9,24,0,5,Network Congestion,Low,31,45.2,Medium,0.74
846,2026-05-13 00:00:00,Operations,Application Error,Phone,Delhi,High,Resolved,Agent_14,5.1,8,0,4,Security Policy,High,14,84.2,Critical,0.99
847,2025-07-22 00:00:00,Finance,Endpoint Performance,Portal,Pune,Medium,Resolved,Agent_04,2.4,24,0,5,User Error,Medium,4,36,Medium,0.76
848,2026-05-22 00:00:00,HR,Password Reset,Email,Indore,High,Resolved,Agent_09,3.6,8,0,3,Security Policy,Medium,24,72.2,High,0.91
849,2025-07-01 00:00:00,IT Support,Application Error,Portal,Indore,Medium,Resolved,Agent_13,4.8,24,0,3,Network Congestion,Medium,28,54.2,Medium,0.67
850,2025-11-10 00:00:00,Cybersecurity,Wi-Fi Issue,Email,Mumbai,Medium,Resolved,Agent_14,11.8,24,0,5,User Error,Low,10,36.8,Medium,0.72
851,2026-02-18 00:00:00,Finance,Security Alert,Email,Bengaluru,Critical,Escalated,Agent_07,3,4,0,4,Hardware,High,35,100,Critical,0.99
852,2025-07-12 00:00:00,Network Operations,Email Issue,Email,Gurugram,Medium,In Progress,Agent_05,2.6,24,0,4,Unknown,High,26,66.3,High,0.83
853,2026-06-11 00:00:00,HR,VPN Access,Email,Delhi,High,Resolved,Agent_07,11,8,1,3,Software Bug,High,41,87.9,Critical,0.99
854,2025-08-15 00:00:00,HR,Application Error,Portal,Bhopal,Low,Resolved,Agent_07,4.3,48,0,4,Network Congestion,Medium,3,26.1,Low,0.85
855,2025-08-03 00:00:00,IT Support,Cloud Access,Teams,Gurugram,Medium,Resolved,Agent_09,9.4,24,0,4,Security Policy,Medium,9,50,Medium,0.75
856,2025-09-16 00:00:00,HR,Hardware Failure,Phone,Delhi,High,Resolved,Agent_06,2.4,8,0,3,Network Congestion,Medium,32,69.3,High,0.78
857,2026-02-03 00:00:00,IT Support,Network Connectivity,Email,Mumbai,Critical,Escalated,Agent_09,1.3,4,0,4,Security Policy,Low,88,93.3,Critical,0.99
858,2026-04-27 00:00:00,Sales,Endpoint Performance,Email,Gurugram,High,Closed,Agent_15,13.5,8,1,4,Security Policy,Medium,27,66.8,High,0.89
859,2025-09-11 00:00:00,Finance,Endpoint Performance,Email,Delhi,High,Resolved,Agent_15,15,8,1,3,Unknown,Low,20,67.1,High,0.75
860,2026-04-08 00:00:00,Operations,Security Alert,Email,Pune,Critical,Closed,Agent_15,2.3,4,0,3,Access Control,Medium,83,100,Critical,0.99
861,2026-03-06 00:00:00,Network Operations,Application Error,Portal,Mumbai,Medium,Resolved,Agent_07,6.4,24,0,4,Access Control,Medium,4,49.7,Medium,0.55
862,2025-08-16 00:00:00,IT Support,Hardware Failure,Email,Mumbai,Medium,Escalated,Agent_13,14,24,0,3,Hardware,Medium,4,45.4,Medium,0.71
863,2025-10-29 00:00:00,Operations,Network Connectivity,Portal,Mumbai,Medium,In Progress,Agent_02,3,24,0,5,Hardware,Low,4,41.4,Medium,0.68
864,2026-01-30 00:00:00,Cybersecurity,Email Issue,Teams,Delhi,High,Closed,Agent_03,12.6,8,1,3,Network Congestion,Medium,39,75.9,Critical,0.88
865,2026-02-24 00:00:00,Sales,Password Reset,Phone,Indore,Low,Resolved,Agent_07,5.3,48,0,4,Security Policy,Low,11,27,Low,0.88
866,2025-08-25 00:00:00,HR,Cloud Access,Email,Bhopal,High,Escalated,Agent_04,4.5,8,0,4,User Error,High,38,84.8,Critical,0.97
867,2026-06-15 00:00:00,HR,Hardware Failure,Phone,Mumbai,High,Resolved,Agent_07,6,8,0,4,Network Congestion,Medium,32,81.6,Critical,0.94
868,2025-10-15 00:00:00,Network Operations,Password Reset,Phone,Indore,High,Resolved,Agent_09,1.9,8,0,4,Security Policy,Low,38,69.9,High,0.9
869,2026-05-15 00:00:00,Engineering,Hardware Failure,Email,Indore,High,Resolved,Agent_12,4.7,8,0,5,Unknown,Medium,30,66.7,High,0.75
870,2025-08-17 00:00:00,Cybersecurity,Application Error,Teams,Delhi,Medium,Resolved,Agent_12,19.8,24,0,5,Software Bug,Medium,9,43.5,Medium,0.72
871,2025-08-30 00:00:00,Cybersecurity,Application Error,Teams,Delhi,Low,Resolved,Agent_04,8,48,0,4,Unknown,Medium,16,30.8,Low,0.85
872,2026-06-02 00:00:00,Sales,Email Issue,Teams,Bhopal,Low,Resolved,Agent_12,3.8,48,0,5,Security Policy,Medium,12,22.8,Low,0.98
873,2025-07-26 00:00:00,Operations,Email Issue,Teams,Mumbai,Medium,Resolved,Agent_09,6.7,24,0,4,Configuration,Low,1,36.9,Medium,0.82
874,2026-04-18 00:00:00,Sales,Network Connectivity,Portal,Bengaluru,Critical,In Progress,Agent_12,1,4,0,5,Configuration,High,99,100,Critical,0.99
875,2026-03-14 00:00:00,Finance,Network Connectivity,Teams,Pune,Critical,Escalated,Agent_15,2.4,4,0,5,Configuration,Medium,64,97.3,Critical,0.99
876,2025-07-08 00:00:00,Cybersecurity,Cloud Access,Phone,Indore,Medium,Resolved,Agent_03,14,24,0,4,User Error,Medium,9,44.3,Medium,0.75
877,2025-10-21 00:00:00,Operations,Security Alert,Portal,Pune,Medium,Resolved,Agent_08,5.5,24,0,5,Network Congestion,Low,19,55.4,High,0.7
878,2026-06-20 00:00:00,Operations,Security Alert,Phone,Pune,High,Resolved,Agent_07,1.4,8,0,4,Hardware,High,26,99.6,Critical,0.99
879,2026-03-10 00:00:00,Engineering,Security Alert,Portal,Gurugram,Critical,Escalated,Agent_01,1.7,4,0,5,Software Bug,High,84,100,Critical,0.99
880,2025-12-27 00:00:00,IT Support,Password Reset,Portal,Indore,Low,Resolved,Agent_12,9.9,48,0,5,Unknown,Low,9,12.7,Low,0.99
881,2026-01-23 00:00:00,Network Operations,Application Error,Teams,Bhopal,Medium,Escalated,Agent_08,9.4,24,0,5,Unknown,High,21,62,High,0.77
882,2026-04-29 00:00:00,Network Operations,Hardware Failure,Portal,Bhopal,Medium,Resolved,Agent_03,5.3,24,0,4,Hardware,Medium,3,53.4,Medium,0.66
883,2025-11-04 00:00:00,Finance,Wi-Fi Issue,Portal,Gurugram,Critical,Resolved,Agent_03,4.8,4,1,3,Security Policy,High,102,100,Critical,0.99
884,2025-08-25 00:00:00,HR,VPN Access,Teams,Mumbai,Low,Resolved,Agent_05,17.2,48,0,5,User Error,Low,7,17,Low,0.99
885,2026-01-30 00:00:00,Sales,Application Error,Email,Delhi,Medium,Resolved,Agent_08,12.8,24,0,5,Unknown,Low,1,39,Medium,0.79
886,2025-07-14 00:00:00,Finance,Hardware Failure,Email,Pune,Critical,Escalated,Agent_06,1.6,4,0,5,Hardware,High,85,100,Critical,0.99
887,2025-07-28 00:00:00,IT Support,Email Issue,Phone,Pune,High,Escalated,Agent_10,7.2,8,0,4,Security Policy,Low,34,61.2,High,0.79
888,2025-09-16 00:00:00,Operations,VPN Access,Phone,Indore,Medium,Closed,Agent_01,5.4,24,0,5,Software Bug,Low,13,42.5,Medium,0.74
889,2026-02-01 00:00:00,Operations,Password Reset,Teams,Pune,Medium,Escalated,Agent_02,1.4,24,0,5,Network Congestion,Low,8,47.1,Medium,0.68
890,2026-06-30 00:00:00,Operations,Hardware Failure,Phone,Mumbai,Medium,Resolved,Agent_02,4.9,24,0,5,Access Control,High,4,59.7,High,0.72
891,2025-12-01 00:00:00,HR,Wi-Fi Issue,Teams,Bengaluru,High,Closed,Agent_10,10.1,8,1,2,Security Policy,Medium,30,66.2,High,0.82
892,2025-07-14 00:00:00,Operations,VPN Access,Phone,Gurugram,Medium,Escalated,Agent_02,2.9,24,0,5,Configuration,Medium,9,49.9,Medium,0.6
893,2026-01-03 00:00:00,Sales,Wi-Fi Issue,Teams,Mumbai,Medium,Escalated,Agent_03,6,24,0,4,Unknown,High,14,66.1,High,0.81
894,2026-05-08 00:00:00,Network Operations,Wi-Fi Issue,Phone,Bengaluru,Medium,Closed,Agent_03,2.6,24,0,4,Hardware,Medium,17,52.6,Medium,0.7
895,2025-07-07 00:00:00,HR,Endpoint Performance,Teams,Pune,Medium,In Progress,Agent_15,6.2,24,0,4,Configuration,Low,10,40.2,Medium,0.79
896,2025-07-03 00:00:00,Network Operations,Wi-Fi Issue,Teams,Bengaluru,Low,Escalated,Agent_10,11.9,48,0,5,Network Congestion,High,3,36.9,Medium,0.84
897,2025-10-19 00:00:00,Finance,Security Alert,Email,Delhi,High,Resolved,Agent_08,2.4,8,0,5,Hardware,High,41,98,Critical,0.99
898,2026-02-23 00:00:00,Operations,Password Reset,Email,Bhopal,Medium,Escalated,Agent_06,7.8,24,0,5,Unknown,Medium,39,52.7,Medium,0.76
899,2026-06-28 00:00:00,Finance,Hardware Failure,Phone,Delhi,High,Resolved,Agent_12,2.1,8,0,4,Network Congestion,Low,20,70.8,High,0.83
900,2026-02-24 00:00:00,Operations,VPN Access,Email,Bhopal,Medium,Resolved,Agent_11,9.1,24,0,3,Unknown,Low,10,47.2,Medium,0.67
901,2026-03-31 00:00:00,Operations,Hardware Failure,Teams,Pune,Medium,In Progress,Agent_12,5.3,24,0,5,Security Policy,Medium,32,54.6,Medium,0.67
902,2026-04-20 00:00:00,Network Operations,Endpoint Performance,Portal,Indore,Low,Resolved,Agent_12,17.7,48,0,4,Software Bug,Low,8,19.6,Low,0.92
903,2026-02-12 00:00:00,HR,Network Connectivity,Teams,Mumbai,Medium,Resolved,Agent_14,1.2,24,0,4,Software Bug,Medium,5,50.8,Medium,0.63
904,2025-07-15 00:00:00,Finance,VPN Access,Teams,Indore,High,Resolved,Agent_15,4.7,8,0,5,Hardware,Low,19,61.7,High,0.74
905,2026-01-08 00:00:00,Engineering,Hardware Failure,Teams,Bhopal,High,In Progress,Agent_05,3.2,8,0,5,Security Policy,Low,14,56,High,0.72
906,2025-10-27 00:00:00,Sales,Network Connectivity,Email,Bhopal,High,Escalated,Agent_14,8.5,8,1,4,Unknown,Medium,45,75.8,Critical,0.86
907,2025-07-28 00:00:00,Finance,Cloud Access,Email,Bengaluru,Medium,In Progress,Agent_12,8.2,24,0,4,Unknown,High,4,48,Medium,0.74
908,2026-01-18 00:00:00,IT Support,Email Issue,Email,Bengaluru,Medium,In Progress,Agent_05,5.6,24,0,5,Security Policy,Low,15,43,Medium,0.72
909,2025-08-08 00:00:00,Network Operations,Hardware Failure,Teams,Gurugram,High,Resolved,Agent_07,9.4,8,1,5,Configuration,Medium,36,68.4,High,0.84
910,2026-03-30 00:00:00,Finance,Password Reset,Portal,Bengaluru,Medium,Resolved,Agent_04,8.7,24,0,5,Access Control,High,18,58.2,High,0.63
911,2026-02-16 00:00:00,Engineering,Cloud Access,Portal,Pune,High,Closed,Agent_11,2.9,8,0,5,Access Control,Medium,41,68.8,High,0.91
912,2025-09-24 00:00:00,Cybersecurity,Hardware Failure,Portal,Pune,Medium,Resolved,Agent_08,11,24,0,4,Hardware,High,13,64.1,High,0.72
913,2025-11-03 00:00:00,HR,Password Reset,Portal,Gurugram,Medium,Closed,Agent_05,2.7,24,0,3,Software Bug,Medium,9,55,High,0.65
914,2026-04-26 00:00:00,IT Support,Email Issue,Email,Pune,High,Resolved,Agent_03,11.8,8,1,3,Configuration,High,22,75.7,Critical,0.94
915,2025-07-25 00:00:00,Sales,VPN Access,Teams,Bhopal,High,Resolved,Agent_08,7.5,8,0,4,Network Congestion,High,15,85.5,Critical,0.99
916,2025-11-22 00:00:00,Sales,Security Alert,Email,Delhi,Critical,Resolved,Agent_10,1,4,0,4,User Error,Low,88,100,Critical,0.99
917,2025-07-13 00:00:00,Engineering,Network Connectivity,Teams,Delhi,High,Resolved,Agent_13,1,8,0,4,User Error,High,49,90,Critical,0.99
918,2026-01-28 00:00:00,IT Support,Wi-Fi Issue,Email,Indore,Medium,Resolved,Agent_03,3.9,24,0,5,Network Congestion,Medium,11,55,High,0.71
919,2025-07-25 00:00:00,Engineering,Hardware Failure,Email,Indore,Medium,Resolved,Agent_02,1,24,0,3,Software Bug,Low,10,40,Medium,0.75
920,2025-09-06 00:00:00,Operations,Hardware Failure,Email,Indore,High,Closed,Agent_09,2.7,8,0,4,Hardware,Medium,35,64.9,High,0.77
921,2025-09-05 00:00:00,Finance,VPN Access,Phone,Mumbai,High,Resolved,Agent_04,2.4,8,0,4,Hardware,High,32,84.7,Critical,0.93
922,2026-02-18 00:00:00,Operations,Wi-Fi Issue,Portal,Indore,High,Closed,Agent_14,7.1,8,0,3,Access Control,Medium,28,61.8,High,0.84
923,2025-10-17 00:00:00,Engineering,Network Connectivity,Portal,Delhi,Low,In Progress,Agent_02,14.6,48,0,4,Access Control,Low,2,27.4,Low,0.82
924,2025-11-23 00:00:00,Operations,Security Alert,Portal,Bengaluru,Low,Resolved,Agent_15,5.7,48,0,5,Hardware,High,12,50.4,Medium,0.71
925,2025-10-19 00:00:00,IT Support,Cloud Access,Phone,Bengaluru,Medium,Escalated,Agent_09,13,24,0,4,Network Congestion,High,3,56.6,High,0.65
926,2026-02-13 00:00:00,Sales,Security Alert,Email,Delhi,Medium,In Progress,Agent_15,1,24,0,4,Hardware,High,4,72.2,High,0.99
927,2025-10-19 00:00:00,Engineering,Application Error,Portal,Gurugram,Medium,In Progress,Agent_08,3.6,24,0,5,Access Control,High,59,61.7,High,0.74
928,2025-08-03 00:00:00,HR,Application Error,Phone,Bhopal,Low,Resolved,Agent_12,14.6,48,0,4,Hardware,Medium,33,24.5,Low,0.82
929,2025-10-19 00:00:00,Finance,Wi-Fi Issue,Portal,Bhopal,Medium,Resolved,Agent_06,1.2,24,0,4,Hardware,High,8,67,High,0.82
930,2026-03-21 00:00:00,IT Support,Network Connectivity,Phone,Indore,High,Resolved,Agent_09,3.5,8,0,5,User Error,High,36,79.9,Critical,0.99
931,2026-02-21 00:00:00,Sales,Network Connectivity,Phone,Mumbai,High,Resolved,Agent_11,8.1,8,1,4,User Error,Low,32,50.9,Medium,0.62
932,2025-09-21 00:00:00,Finance,Hardware Failure,Email,Bengaluru,Medium,Resolved,Agent_10,8.3,24,0,3,Software Bug,High,4,54.4,Medium,0.71
933,2025-08-11 00:00:00,Finance,Security Alert,Phone,Mumbai,High,Escalated,Agent_03,2.1,8,0,4,Security Policy,High,30,100,Critical,0.99
934,2025-10-09 00:00:00,HR,Wi-Fi Issue,Email,Pune,Medium,Resolved,Agent_08,6,24,0,4,User Error,Medium,5,42.8,Medium,0.75
935,2025-07-06 00:00:00,Operations,Password Reset,Teams,Bhopal,Low,Closed,Agent_08,13.1,48,0,5,Software Bug,Low,18,25.6,Low,0.93
936,2025-12-27 00:00:00,Network Operations,Hardware Failure,Phone,Mumbai,Medium,In Progress,Agent_09,3.4,24,0,5,Security Policy,High,10,58.2,High,0.73
937,2026-04-08 00:00:00,Engineering,Endpoint Performance,Teams,Bengaluru,Medium,Closed,Agent_07,2.5,24,0,3,Hardware,High,16,56.8,High,0.79
938,2026-05-16 00:00:00,Cybersecurity,Password Reset,Teams,Mumbai,Medium,Escalated,Agent_14,10.5,24,0,4,User Error,High,2,62.8,High,0.75
939,2026-02-11 00:00:00,Engineering,Email Issue,Teams,Bhopal,High,In Progress,Agent_10,8.3,8,1,2,Security Policy,Medium,21,71.8,High,0.93
940,2026-05-11 00:00:00,Network Operations,VPN Access,Phone,Gurugram,Medium,In Progress,Agent_02,1.8,24,0,5,Access Control,Low,18,46.7,Medium,0.63
941,2026-06-30 00:00:00,Sales,Endpoint Performance,Phone,Pune,Medium,Resolved,Agent_13,5.6,24,0,4,Security Policy,Low,6,41.5,Medium,0.78
942,2026-02-14 00:00:00,Finance,Network Connectivity,Phone,Indore,Medium,Escalated,Agent_01,9.3,24,0,2,User Error,Medium,13,54.3,Medium,0.66
943,2026-04-15 00:00:00,Sales,Wi-Fi Issue,Email,Delhi,Low,Closed,Agent_05,16,48,0,4,Unknown,High,5,32.6,Low,0.77
944,2025-11-27 00:00:00,Operations,Security Alert,Teams,Delhi,High,In Progress,Agent_03,16.5,8,1,4,Unknown,Low,42,80.8,Critical,0.93
945,2026-04-03 00:00:00,Engineering,Hardware Failure,Portal,Delhi,High,Resolved,Agent_10,9.6,8,1,3,Security Policy,High,38,85.2,Critical,0.99
946,2026-01-14 00:00:00,HR,Application Error,Teams,Pune,Medium,Escalated,Agent_12,4,24,0,4,Network Congestion,Medium,5,50,Medium,0.63
947,2025-09-08 00:00:00,Cybersecurity,VPN Access,Email,Gurugram,High,Escalated,Agent_11,2.5,8,0,5,User Error,Medium,28,80.1,Critical,0.97
948,2025-10-20 00:00:00,Network Operations,Wi-Fi Issue,Portal,Gurugram,Medium,Resolved,Agent_09,3.9,24,0,5,Software Bug,High,14,54.2,Medium,0.67
949,2025-07-04 00:00:00,IT Support,Hardware Failure,Email,Mumbai,High,Resolved,Agent_13,1.1,8,0,5,Software Bug,Low,20,57.3,High,0.75
950,2026-06-15 00:00:00,Engineering,Email Issue,Email,Delhi,Medium,Resolved,Agent_10,5.9,24,0,4,Configuration,Medium,13,47,Medium,0.66
951,2026-05-27 00:00:00,IT Support,Hardware Failure,Phone,Bengaluru,Low,Resolved,Agent_06,6.3,48,0,4,Security Policy,High,12,30.8,Low,0.85
952,2026-05-14 00:00:00,Network Operations,Endpoint Performance,Email,Bhopal,Medium,Resolved,Agent_03,20.2,24,0,4,Network Congestion,Low,12,45.1,Medium,0.74
953,2026-06-15 00:00:00,Cybersecurity,VPN Access,Phone,Bengaluru,High,Resolved,Agent_03,3.8,8,0,5,Configuration,High,34,80.7,Critical,0.92
954,2025-10-03 00:00:00,Finance,Network Connectivity,Teams,Bhopal,Medium,Closed,Agent_05,3.4,24,0,4,Security Policy,Medium,3,46.4,Medium,0.65
955,2025-11-29 00:00:00,IT Support,VPN Access,Portal,Indore,High,In Progress,Agent_09,3.6,8,0,5,Security Policy,Low,27,60.9,High,0.79
956,2026-05-07 00:00:00,Finance,VPN Access,Email,Pune,High,Closed,Agent_01,6.9,8,0,4,Security Policy,Low,32,66.3,High,0.75
957,2025-11-14 00:00:00,IT Support,Email Issue,Phone,Gurugram,Critical,Escalated,Agent_13,1.3,4,0,4,Hardware,Low,59,85.2,Critical,0.99
958,2026-03-04 00:00:00,Operations,Endpoint Performance,Teams,Bhopal,High,In Progress,Agent_03,2,8,0,4,Access Control,Low,50,65.8,High,0.8
959,2026-02-28 00:00:00,Cybersecurity,Wi-Fi Issue,Portal,Gurugram,Critical,In Progress,Agent_01,2,4,0,4,Unknown,Medium,34,89.5,Critical,0.99
960,2025-07-31 00:00:00,Finance,Cloud Access,Portal,Bhopal,Low,Closed,Agent_10,28,48,0,4,Network Congestion,Medium,11,34,Low,0.73
961,2025-08-09 00:00:00,Sales,Application Error,Portal,Gurugram,High,Resolved,Agent_12,2,8,0,5,User Error,Low,12,53.8,Medium,0.69
962,2026-02-14 00:00:00,Network Operations,Endpoint Performance,Teams,Mumbai,Low,Resolved,Agent_09,5.4,48,0,4,Network Congestion,High,5,35.6,Medium,0.86
963,2025-08-05 00:00:00,HR,Application Error,Phone,Mumbai,High,Escalated,Agent_12,7.2,8,0,3,Unknown,Medium,37,81.8,Critical,0.99
964,2026-02-08 00:00:00,HR,Endpoint Performance,Phone,Pune,Medium,In Progress,Agent_01,21.1,24,0,5,Hardware,Medium,8,56.6,High,0.78
965,2025-07-06 00:00:00,Engineering,Network Connectivity,Email,Bhopal,High,Closed,Agent_12,2.5,8,0,4,Unknown,High,34,80.6,Critical,0.92
966,2026-05-18 00:00:00,Network Operations,Application Error,Email,Gurugram,Low,Escalated,Agent_11,2.1,48,0,4,User Error,Medium,12,25.6,Low,0.88
967,2026-02-05 00:00:00,Operations,Security Alert,Phone,Bengaluru,Medium,Escalated,Agent_02,4.7,24,0,5,Unknown,Low,25,61.2,High,0.85
968,2025-09-13 00:00:00,HR,Security Alert,Teams,Bhopal,Medium,Resolved,Agent_11,16.9,24,0,4,Access Control,Medium,8,67.3,High,0.83
969,2025-07-04 00:00:00,Network Operations,Email Issue,Phone,Delhi,High,Resolved,Agent_01,5,8,0,4,Network Congestion,Medium,39,74.3,High,0.86
970,2026-05-31 00:00:00,HR,Hardware Failure,Email,Indore,Critical,Escalated,Agent_14,1.7,4,0,4,Network Congestion,Medium,45,87.4,Critical,0.99
971,2025-11-11 00:00:00,Engineering,Cloud Access,Portal,Gurugram,Low,Escalated,Agent_11,1,48,0,4,Hardware,High,4,40.3,Medium,0.74
972,2025-10-26 00:00:00,Cybersecurity,VPN Access,Email,Indore,Medium,In Progress,Agent_15,15.4,24,0,5,Network Congestion,Low,4,47.5,Medium,0.66
973,2025-10-02 00:00:00,IT Support,Email Issue,Phone,Mumbai,Medium,Closed,Agent_07,7.2,24,0,5,Configuration,Low,13,37.1,Medium,0.81
974,2025-08-31 00:00:00,Operations,Security Alert,Teams,Pune,Medium,In Progress,Agent_08,4.9,24,0,4,Access Control,Medium,1,61.4,High,0.81
975,2026-01-10 00:00:00,IT Support,Wi-Fi Issue,Portal,Bhopal,Medium,Closed,Agent_08,1.2,24,0,5,Access Control,High,8,53.4,Medium,0.68
976,2026-05-31 00:00:00,Operations,Network Connectivity,Portal,Pune,Low,In Progress,Agent_12,10.5,48,0,5,Software Bug,Low,3,22.4,Low,0.97
977,2026-01-19 00:00:00,Network Operations,Application Error,Portal,Indore,Low,Resolved,Agent_11,12.9,48,0,5,User Error,Low,11,11,Low,0.95
978,2025-07-26 00:00:00,Engineering,Network Connectivity,Teams,Delhi,Low,Escalated,Agent_14,7.5,48,0,4,Network Congestion,Medium,11,31.1,Low,0.84
979,2025-12-20 00:00:00,Network Operations,Email Issue,Teams,Indore,Critical,Resolved,Agent_13,2.8,4,0,4,Software Bug,Medium,92,91,Critical,0.99
980,2026-04-26 00:00:00,Engineering,VPN Access,Email,Mumbai,Medium,Resolved,Agent_01,7.9,24,0,4,Configuration,Low,12,47.7,Medium,0.66
981,2025-11-10 00:00:00,Sales,Application Error,Email,Delhi,Low,Closed,Agent_05,13.3,48,0,5,Security Policy,Low,2,15.6,Low,0.99
982,2026-05-22 00:00:00,Network Operations,VPN Access,Email,Gurugram,Low,Closed,Agent_02,18.8,48,0,5,Security Policy,Medium,7,22.6,Low,0.93
983,2025-10-26 00:00:00,IT Support,Email Issue,Teams,Bengaluru,Medium,Closed,Agent_10,2.6,24,0,4,User Error,High,6,64,High,0.71
984,2026-05-20 00:00:00,IT Support,Security Alert,Teams,Gurugram,Medium,Resolved,Agent_02,2.2,24,0,4,Configuration,Low,13,58.5,High,0.73
985,2026-04-01 00:00:00,Network Operations,Cloud Access,Portal,Gurugram,Low,In Progress,Agent_06,3.8,48,0,4,Security Policy,Medium,21,33.7,Low,0.84
986,2026-01-28 00:00:00,Engineering,Hardware Failure,Portal,Indore,Low,Resolved,Agent_03,14.4,48,0,4,Network Congestion,Low,6,25.8,Low,0.94
987,2026-02-10 00:00:00,Operations,Cloud Access,Phone,Pune,Medium,In Progress,Agent_03,16.1,24,0,4,Unknown,Low,19,42.1,Medium,0.69
988,2025-07-20 00:00:00,Sales,Endpoint Performance,Phone,Pune,Critical,In Progress,Agent_01,4.7,4,1,4,Software Bug,High,40,100,Critical,0.99
989,2025-10-21 00:00:00,IT Support,Wi-Fi Issue,Teams,Pune,Low,Resolved,Agent_15,1.3,48,0,3,Software Bug,High,4,35,Medium,0.81
990,2025-11-17 00:00:00,Sales,VPN Access,Portal,Mumbai,High,Escalated,Agent_12,5,8,0,5,Access Control,Medium,28,76.5,Critical,0.94
991,2025-08-16 00:00:00,Sales,Cloud Access,Phone,Bengaluru,Medium,Resolved,Agent_15,6.5,24,0,3,Configuration,Medium,18,54.4,Medium,0.66
992,2025-07-01 00:00:00,HR,Hardware Failure,Email,Mumbai,Medium,Resolved,Agent_10,1.7,24,0,3,Software Bug,Medium,6,53.7,Medium,0.7
993,2025-09-28 00:00:00,Engineering,Email Issue,Phone,Delhi,High,Resolved,Agent_14,5,8,0,3,Configuration,Medium,21,68.8,High,0.87
994,2025-11-19 00:00:00,IT Support,Security Alert,Email,Pune,Low,Resolved,Agent_05,12.1,48,0,4,Unknown,Low,43,37.8,Medium,0.76
995,2026-05-16 00:00:00,Sales,Email Issue,Email,Bhopal,Low,Resolved,Agent_04,15,48,0,5,Network Congestion,Low,4,7,Low,0.99
996,2025-08-07 00:00:00,Sales,Password Reset,Portal,Indore,Low,Resolved,Agent_15,5.2,48,0,3,User Error,Medium,6,29.8,Low,0.77
997,2026-04-19 00:00:00,Cybersecurity,Network Connectivity,Teams,Mumbai,High,Resolved,Agent_05,5.2,8,0,3,Unknown,Medium,16,72.6,High,0.86
998,2025-11-16 00:00:00,Sales,Email Issue,Phone,Mumbai,Low,In Progress,Agent_15,20.6,48,0,5,Security Policy,High,10,41.1,Medium,0.76
999,2026-06-21 00:00:00,Network Operations,VPN Access,Portal,Indore,High,Resolved,Agent_12,3,8,0,5,Access Control,High,36,83.3,Critical,0.99
1000,2026-05-29 00:00:00,Operations,Security Alert,Portal,Bhopal,High,In Progress,Agent_05,5.8,8,0,4,Hardware,Low,39,71.9,High,0.92
1001,2026-03-16 00:00:00,HR,Security Alert,Email,Mumbai,High,Resolved,Agent_15,9.2,8,1,3,Unknown,High,35,96.1,Critical,0.99
1002,2025-12-08 00:00:00,Network Operations,Email Issue,Teams,Delhi,Medium,Resolved,Agent_09,5.7,24,0,4,Security Policy,Low,9,41.4,Medium,0.69
1003,2025-12-25 00:00:00,Sales,Wi-Fi Issue,Teams,Gurugram,Medium,Resolved,Agent_06,2.1,24,0,4,Unknown,High,19,63.7,High,0.8
1004,2025-07-10 00:00:00,Engineering,Hardware Failure,Phone,Gurugram,Medium,In Progress,Agent_01,15.4,24,0,5,Software Bug,High,7,54.6,Medium,0.69
1005,2026-03-18 00:00:00,HR,Email Issue,Teams,Delhi,Medium,Resolved,Agent_07,13.3,24,0,4,Security Policy,Medium,1,44.1,Medium,0.64
1006,2025-11-15 00:00:00,Cybersecurity,Cloud Access,Phone,Pune,Medium,Resolved,Agent_05,6.5,24,0,3,Unknown,Low,5,42.1,Medium,0.83
1007,2025-12-19 00:00:00,Sales,Wi-Fi Issue,Portal,Gurugram,Low,In Progress,Agent_06,7.6,48,0,5,Security Policy,High,3,31.1,Low,0.75
1008,2025-07-13 00:00:00,Engineering,Hardware Failure,Teams,Bengaluru,Medium,Closed,Agent_05,2.4,24,0,4,Security Policy,Medium,16,56.1,High,0.7
1009,2025-12-15 00:00:00,Cybersecurity,Network Connectivity,Teams,Indore,Medium,Resolved,Agent_15,7.7,24,0,3,User Error,Medium,17,52.6,Medium,0.7
1010,2025-11-07 00:00:00,Network Operations,Endpoint Performance,Phone,Indore,Low,Resolved,Agent_01,5.2,48,0,4,Software Bug,Medium,9,29.9,Low,0.78
1011,2025-09-22 00:00:00,HR,Security Alert,Phone,Pune,Medium,Escalated,Agent_04,3,24,0,4,Hardware,Medium,31,63.4,High,0.83
1012,2026-05-17 00:00:00,Finance,Wi-Fi Issue,Email,Delhi,Medium,Resolved,Agent_07,6.5,24,0,4,Configuration,Medium,3,47.3,Medium,0.65
1013,2026-05-15 00:00:00,Cybersecurity,Hardware Failure,Teams,Indore,Medium,Escalated,Agent_08,3.1,24,0,3,Software Bug,Low,4,37,Medium,0.76
1014,2025-10-09 00:00:00,Engineering,Wi-Fi Issue,Teams,Pune,High,Resolved,Agent_13,1.9,8,0,4,Security Policy,Low,24,63.8,High,0.86
1015,2026-05-25 00:00:00,Engineering,Email Issue,Teams,Delhi,Medium,Resolved,Agent_10,3.3,24,0,4,Hardware,Low,29,48.9,Medium,0.65
1016,2026-03-30 00:00:00,IT Support,Endpoint Performance,Teams,Delhi,Medium,Resolved,Agent_04,4,24,0,4,Security Policy,Medium,8,52.5,Medium,0.7
1017,2026-03-22 00:00:00,Operations,Application Error,Phone,Pune,Medium,In Progress,Agent_15,6.5,24,0,5,Hardware,Low,8,36.8,Medium,0.76
1018,2025-08-07 00:00:00,Sales,Password Reset,Teams,Bengaluru,Medium,Closed,Agent_09,2.6,24,0,5,Security Policy,Low,2,39.2,Medium,0.8
1019,2025-10-02 00:00:00,Engineering,Email Issue,Email,Pune,Medium,Closed,Agent_15,26,24,1,3,Network Congestion,High,10,64.9,High,0.82
1020,2025-10-03 00:00:00,Cybersecurity,VPN Access,Email,Mumbai,High,Resolved,Agent_08,6,8,0,4,Configuration,High,26,73.1,High,0.87
1021,2026-05-01 00:00:00,HR,Password Reset,Email,Bengaluru,Medium,Resolved,Agent_11,7.2,24,0,5,User Error,Medium,10,55.9,High,0.71
1022,2025-09-07 00:00:00,IT Support,Hardware Failure,Phone,Gurugram,Low,Resolved,Agent_07,13.4,48,0,3,Hardware,Medium,3,34.8,Low,0.69
1023,2026-05-14 00:00:00,Cybersecurity,VPN Access,Teams,Bengaluru,High,Closed,Agent_14,3.6,8,0,5,Software Bug,Low,19,65.9,High,0.9
1024,2026-02-21 00:00:00,Operations,Endpoint Performance,Teams,Indore,Medium,Resolved,Agent_04,2.6,24,0,4,Unknown,High,13,58.8,High,0.69
1025,2026-05-30 00:00:00,HR,Endpoint Performance,Email,Indore,Medium,Closed,Agent_13,12.9,24,0,4,Software Bug,High,8,62.1,High,0.8
1026,2025-11-14 00:00:00,Sales,Wi-Fi Issue,Teams,Bengaluru,Medium,Resolved,Agent_02,2.6,24,0,5,Network Congestion,High,15,72.7,High,0.88
1027,2025-09-14 00:00:00,Sales,Hardware Failure,Phone,Bengaluru,Medium,Resolved,Agent_04,5.2,24,0,3,Hardware,Medium,7,53.5,Medium,0.65
1028,2025-08-04 00:00:00,Operations,Cloud Access,Teams,Bengaluru,High,Resolved,Agent_02,12.6,8,1,4,Security Policy,High,25,78.8,Critical,0.94
1029,2025-07-01 00:00:00,HR,Network Connectivity,Portal,Pune,Critical,In Progress,Agent_12,1.5,4,0,4,Software Bug,Medium,32,80.2,Critical,0.99
1030,2026-04-22 00:00:00,Operations,Hardware Failure,Email,Pune,Low,Resolved,Agent_13,2,48,0,5,Access Control,High,15,34.4,Low,0.84
1031,2026-05-16 00:00:00,Engineering,Application Error,Portal,Pune,Medium,Resolved,Agent_01,7.2,24,0,5,User Error,Medium,12,53,Medium,0.74
1032,2025-08-29 00:00:00,Operations,Hardware Failure,Phone,Mumbai,Medium,Resolved,Agent_01,13.7,24,0,5,Configuration,Medium,19,53.4,Medium,0.63
1033,2026-05-16 00:00:00,Network Operations,Endpoint Performance,Portal,Pune,Medium,Closed,Agent_08,2.3,24,0,4,User Error,Medium,12,49.5,Medium,0.65
1034,2026-06-14 00:00:00,HR,VPN Access,Teams,Indore,High,Resolved,Agent_14,1,8,0,4,Configuration,Low,14,57.7,High,0.7
1035,2026-05-24 00:00:00,Network Operations,Cloud Access,Portal,Pune,Low,Escalated,Agent_03,3.6,48,0,4,User Error,Medium,9,27.3,Low,0.87
1036,2026-03-24 00:00:00,Finance,Network Connectivity,Portal,Bengaluru,Medium,Resolved,Agent_01,18.9,24,0,5,Software Bug,High,16,62.9,High,0.75
1037,2026-06-26 00:00:00,IT Support,Hardware Failure,Email,Bengaluru,Medium,Closed,Agent_10,4.6,24,0,5,Configuration,Low,24,39.4,Medium,0.83
1038,2026-02-14 00:00:00,Operations,Network Connectivity,Portal,Indore,Medium,Resolved,Agent_02,4.2,24,0,4,Configuration,Low,15,44.5,Medium,0.63
1039,2026-03-27 00:00:00,IT Support,Application Error,Email,Pune,High,Escalated,Agent_04,5.1,8,0,3,User Error,High,15,85.9,Critical,0.99
1040,2026-05-12 00:00:00,Cybersecurity,Password Reset,Email,Bengaluru,Medium,Resolved,Agent_09,4.2,24,0,4,Software Bug,Medium,7,53.5,Medium,0.65
1041,2026-04-12 00:00:00,HR,Cloud Access,Teams,Bengaluru,Low,Resolved,Agent_06,17.6,48,0,4,Access Control,Low,7,14.8,Low,0.99
1042,2026-04-17 00:00:00,IT Support,Password Reset,Teams,Mumbai,Medium,Closed,Agent_08,6.5,24,0,4,Software Bug,Low,8,42.2,Medium,0.72
1043,2026-01-29 00:00:00,Finance,VPN Access,Phone,Bhopal,Low,Resolved,Agent_05,34.2,48,0,4,Unknown,Medium,1,28.5,Low,0.89
1044,2025-12-12 00:00:00,Cybersecurity,VPN Access,Phone,Bhopal,High,Escalated,Agent_11,2.5,8,0,4,Hardware,High,23,88.7,Critical,0.99
1045,2025-07-05 00:00:00,Cybersecurity,Security Alert,Phone,Delhi,High,Resolved,Agent_10,1.8,8,0,4,Unknown,Medium,17,80.4,Critical,0.92
1046,2026-06-04 00:00:00,HR,Application Error,Email,Indore,Low,Resolved,Agent_04,9.7,48,0,3,Security Policy,Medium,16,30.7,Low,0.83
1047,2025-09-16 00:00:00,Network Operations,Email Issue,Email,Indore,Medium,Resolved,Agent_03,4.7,24,0,3,Security Policy,Low,3,45,Medium,0.69
1048,2025-08-31 00:00:00,IT Support,Email Issue,Portal,Mumbai,Medium,Closed,Agent_15,2.6,24,0,5,Access Control,High,9,55.8,High,0.71
1049,2025-11-09 00:00:00,Finance,Password Reset,Phone,Mumbai,High,Resolved,Agent_07,6.7,8,0,5,Network Congestion,High,47,80.4,Critical,0.92
1050,2025-09-27 00:00:00,HR,Network Connectivity,Phone,Pune,Medium,In Progress,Agent_15,14.9,24,0,4,Software Bug,Low,9,41.3,Medium,0.67
1051,2026-02-22 00:00:00,Operations,Email Issue,Phone,Indore,Medium,Resolved,Agent_14,6.9,24,0,4,Unknown,Low,9,41,Medium,0.83
1052,2025-08-11 00:00:00,HR,VPN Access,Email,Mumbai,Critical,Resolved,Agent_03,1,4,0,3,Software Bug,Low,38,86.9,Critical,0.99
1053,2025-09-27 00:00:00,Network Operations,Email Issue,Teams,Mumbai,Medium,Resolved,Agent_04,10,24,0,5,Software Bug,High,7,51.9,Medium,0.72
1054,2026-04-22 00:00:00,Cybersecurity,Application Error,Portal,Pune,Medium,Closed,Agent_04,16.9,24,0,4,Network Congestion,High,7,59.4,High,0.79
1055,2026-05-24 00:00:00,Network Operations,Hardware Failure,Phone,Bengaluru,Medium,Closed,Agent_07,9,24,0,4,Security Policy,Medium,12,47.3,Medium,0.68
1056,2026-04-21 00:00:00,Engineering,Password Reset,Email,Delhi,Medium,Resolved,Agent_10,12.1,24,0,3,Hardware,Medium,3,46.3,Medium,0.63
1057,2025-10-12 00:00:00,Cybersecurity,Wi-Fi Issue,Phone,Bengaluru,Medium,Closed,Agent_07,8.4,24,0,4,Unknown,Medium,9,61.8,High,0.67
1058,2025-07-14 00:00:00,Sales,VPN Access,Portal,Mumbai,High,Resolved,Agent_01,5.3,8,0,5,Access Control,Low,6,62.6,High,0.81
1059,2026-04-14 00:00:00,Operations,Hardware Failure,Teams,Bengaluru,Critical,Resolved,Agent_05,1,4,0,4,User Error,Medium,89,99.8,Critical,0.99
1060,2025-12-26 00:00:00,IT Support,Application Error,Email,Bengaluru,High,Resolved,Agent_07,5.3,8,0,5,Network Congestion,Low,47,74.7,High,0.9
1061,2025-11-02 00:00:00,Engineering,Security Alert,Phone,Mumbai,Low,Closed,Agent_12,6,48,0,5,Software Bug,Medium,27,43.4,Medium,0.71
1062,2026-06-18 00:00:00,Engineering,Email Issue,Email,Delhi,Medium,Escalated,Agent_01,5.6,24,0,3,Hardware,High,24,59.2,High,0.71
1063,2025-07-23 00:00:00,Engineering,Endpoint Performance,Portal,Pune,Medium,In Progress,Agent_14,4,24,0,5,Hardware,High,2,60.4,High,0.7
1064,2025-09-01 00:00:00,Network Operations,Network Connectivity,Email,Mumbai,High,Closed,Agent_10,3.1,8,0,5,User Error,Medium,38,72.8,High,0.86
1065,2025-11-20 00:00:00,HR,Wi-Fi Issue,Teams,Indore,High,Resolved,Agent_09,2.4,8,0,3,Security Policy,High,26,75.4,Critical,0.92
1066,2025-11-30 00:00:00,Finance,Cloud Access,Teams,Delhi,High,Escalated,Agent_11,4.6,8,0,4,Access Control,Low,32,62.3,High,0.71
1067,2025-11-22 00:00:00,Finance,Password Reset,Portal,Mumbai,Medium,Resolved,Agent_03,22.3,24,0,5,Unknown,Low,3,37,Medium,0.81
1068,2026-02-10 00:00:00,Network Operations,Network Connectivity,Email,Delhi,High,In Progress,Agent_05,1.9,8,0,3,Security Policy,Medium,50,78.4,Critical,0.89
1069,2026-05-05 00:00:00,Cybersecurity,Password Reset,Phone,Indore,High,Resolved,Agent_09,3.4,8,0,5,User Error,Medium,35,67.6,High,0.85
1070,2025-10-12 00:00:00,HR,Hardware Failure,Portal,Indore,Low,Resolved,Agent_05,15.5,48,0,5,Security Policy,Low,5,23.7,Low,0.99
1071,2025-10-12 00:00:00,Network Operations,Hardware Failure,Portal,Bhopal,Medium,Closed,Agent_05,3.4,24,0,4,User Error,Low,6,46.9,Medium,0.65
1072,2025-08-08 00:00:00,IT Support,Security Alert,Portal,Bengaluru,High,Resolved,Agent_05,4.4,8,0,5,Configuration,Low,10,77.2,Critical,0.98
1073,2026-01-14 00:00:00,IT Support,Cloud Access,Email,Indore,Medium,Resolved,Agent_10,1,24,0,5,Network Congestion,Medium,11,47,Medium,0.68
1074,2025-11-11 00:00:00,Engineering,Hardware Failure,Phone,Gurugram,Medium,Resolved,Agent_15,11.5,24,0,5,Access Control,High,22,52.7,Medium,0.71
1075,2025-09-05 00:00:00,HR,Security Alert,Phone,Mumbai,Medium,In Progress,Agent_06,13.5,24,0,5,Access Control,Low,4,55.9,High,0.71
1076,2025-12-26 00:00:00,IT Support,VPN Access,Teams,Delhi,High,Escalated,Agent_10,8.7,8,1,3,User Error,Low,12,63.3,High,0.7
1077,2025-08-11 00:00:00,Finance,Wi-Fi Issue,Portal,Pune,Medium,Escalated,Agent_14,6.8,24,0,4,Unknown,High,29,64.7,High,0.79
1078,2025-07-15 00:00:00,Operations,Wi-Fi Issue,Portal,Bhopal,Critical,Resolved,Agent_14,1,4,0,5,Configuration,Low,70,100,Critical,0.99
1079,2025-10-19 00:00:00,Engineering,Security Alert,Portal,Gurugram,High,Escalated,Agent_02,4.7,8,0,4,Access Control,High,35,95.5,Critical,0.99
1080,2025-12-04 00:00:00,Engineering,Application Error,Email,Mumbai,Medium,In Progress,Agent_12,1.8,24,0,3,Hardware,Low,18,45.3,Medium,0.7
1081,2026-04-15 00:00:00,IT Support,Wi-Fi Issue,Portal,Bengaluru,High,Resolved,Agent_14,6.4,8,0,5,Unknown,High,34,80,Critical,0.97
1082,2026-02-16 00:00:00,Engineering,Password Reset,Email,Bengaluru,Medium,Resolved,Agent_04,5.9,24,0,4,Hardware,Low,14,36.8,Medium,0.78
1083,2025-12-04 00:00:00,Network Operations,VPN Access,Teams,Mumbai,Low,Resolved,Agent_13,16.4,48,0,5,Network Congestion,Medium,5,28.8,Low,0.87
1084,2025-08-07 00:00:00,Finance,Email Issue,Teams,Mumbai,Low,Resolved,Agent_11,10.9,48,0,5,Unknown,High,15,48.1,Medium,0.65
1085,2025-10-05 00:00:00,Sales,VPN Access,Portal,Gurugram,High,In Progress,Agent_06,8.3,8,1,3,Security Policy,Low,33,61.7,High,0.82
1086,2026-04-15 00:00:00,Operations,Application Error,Portal,Indore,Medium,Resolved,Agent_02,8.1,24,0,5,User Error,Low,8,41.4,Medium,0.8
1087,2026-03-11 00:00:00,HR,Security Alert,Email,Gurugram,Medium,Resolved,Agent_10,7.4,24,0,5,Configuration,Medium,7,62.6,High,0.8
1088,2026-01-12 00:00:00,IT Support,Endpoint Performance,Portal,Delhi,Medium,Closed,Agent_13,5.7,24,0,4,Access Control,Medium,1,52.6,Medium,0.62
1089,2025-09-24 00:00:00,HR,Password Reset,Email,Bengaluru,Low,Closed,Agent_03,4.9,48,0,5,Network Congestion,Medium,18,40.3,Medium,0.83
1090,2026-05-18 00:00:00,Engineering,Email Issue,Teams,Indore,Medium,Resolved,Agent_11,2.3,24,0,4,Configuration,High,3,63.3,High,0.77
1091,2025-07-10 00:00:00,Sales,Cloud Access,Phone,Gurugram,Critical,Resolved,Agent_08,3.9,4,0,5,Software Bug,Medium,127,100,Critical,0.99
1092,2025-07-05 00:00:00,Finance,Hardware Failure,Teams,Bhopal,Critical,Resolved,Agent_14,4.5,4,1,3,Software Bug,Low,70,85.6,Critical,0.99
1093,2025-10-31 00:00:00,Cybersecurity,Network Connectivity,Teams,Mumbai,Medium,Escalated,Agent_01,7,24,0,5,Security Policy,Low,4,49.7,Medium,0.62
1094,2026-05-26 00:00:00,Operations,Security Alert,Teams,Pune,High,Closed,Agent_12,4.2,8,0,4,Network Congestion,Low,34,84.7,Critical,0.99
1095,2026-06-18 00:00:00,HR,Endpoint Performance,Teams,Bhopal,Low,In Progress,Agent_14,2.2,48,0,5,Network Congestion,Low,5,15.4,Low,0.99
1096,2025-10-26 00:00:00,Cybersecurity,Hardware Failure,Portal,Bengaluru,Medium,Resolved,Agent_04,1.4,24,0,4,Software Bug,Low,12,41.3,Medium,0.66
1097,2026-04-20 00:00:00,IT Support,Email Issue,Phone,Mumbai,High,Resolved,Agent_14,5.1,8,0,3,Hardware,High,36,79.2,Critical,0.92
1098,2025-12-06 00:00:00,Operations,Application Error,Portal,Bhopal,Low,Closed,Agent_01,7.9,48,0,5,User Error,Low,28,34.6,Low,0.86
1099,2026-04-29 00:00:00,Sales,Wi-Fi Issue,Teams,Indore,Medium,Closed,Agent_01,4.8,24,0,4,User Error,Low,10,41.1,Medium,0.7
1100,2026-02-13 00:00:00,Operations,Email Issue,Teams,Pune,Medium,Resolved,Agent_12,2.6,24,0,4,Security Policy,High,21,66.5,High,0.82
1101,2026-06-30 00:00:00,Engineering,VPN Access,Teams,Pune,High,Closed,Agent_02,1,8,0,4,User Error,Medium,8,69.6,High,0.71
1102,2026-02-01 00:00:00,Network Operations,VPN Access,Teams,Mumbai,High,In Progress,Agent_10,4.7,8,0,2,Unknown,Low,16,64.4,High,0.75
1103,2025-12-31 00:00:00,Network Operations,Endpoint Performance,Portal,Bengaluru,Medium,Escalated,Agent_07,5.7,24,0,5,Network Congestion,High,24,62.2,High,0.69
1104,2025-07-15 00:00:00,Cybersecurity,Cloud Access,Email,Pune,Low,In Progress,Agent_07,15.4,48,0,5,Configuration,Low,5,23.3,Low,0.99
1105,2025-12-04 00:00:00,Engineering,Application Error,Email,Gurugram,High,In Progress,Agent_11,1,8,0,4,User Error,High,39,67.4,High,0.69
1106,2025-11-13 00:00:00,Network Operations,Email Issue,Portal,Delhi,Medium,Resolved,Agent_09,14.2,24,0,4,Unknown,Low,14,43.6,Medium,0.66
1107,2026-03-18 00:00:00,Network Operations,Security Alert,Email,Indore,High,Escalated,Agent_09,2,8,0,4,Network Congestion,Low,11,76.5,Critical,0.9
1108,2025-12-04 00:00:00,Network Operations,Network Connectivity,Email,Gurugram,Medium,In Progress,Agent_07,1.4,24,0,4,Configuration,Low,2,38.5,Medium,0.82
1109,2025-08-16 00:00:00,Finance,Email Issue,Email,Gurugram,High,Resolved,Agent_08,6.6,8,0,4,Hardware,High,35,85.8,Critical,0.96
1110,2026-05-20 00:00:00,Engineering,Cloud Access,Phone,Gurugram,High,Resolved,Agent_09,2,8,0,3,Software Bug,High,27,84,Critical,0.96
1111,2026-05-28 00:00:00,IT Support,VPN Access,Portal,Bhopal,Medium,Resolved,Agent_03,8.5,24,0,5,Software Bug,Low,4,37,Medium,0.84
1112,2025-12-20 00:00:00,Sales,Cloud Access,Phone,Indore,High,Closed,Agent_05,7.2,8,0,4,Network Congestion,Low,31,63.9,High,0.84
1113,2025-11-07 00:00:00,Cybersecurity,Application Error,Teams,Bengaluru,Low,Resolved,Agent_07,11.5,48,0,5,Hardware,High,12,44.5,Medium,0.67
1114,2025-10-03 00:00:00,HR,Wi-Fi Issue,Email,Mumbai,High,Escalated,Agent_04,17.1,8,1,5,Access Control,High,29,91.2,Critical,0.99
1115,2025-10-23 00:00:00,Cybersecurity,Cloud Access,Teams,Delhi,Low,Closed,Agent_01,7.9,48,0,4,Software Bug,Medium,5,32.7,Low,0.8
1116,2026-02-28 00:00:00,Finance,VPN Access,Email,Gurugram,Medium,In Progress,Agent_02,5.7,24,0,4,Access Control,Medium,27,50,Medium,0.7
1117,2026-04-18 00:00:00,Sales,VPN Access,Phone,Delhi,Medium,Resolved,Agent_01,3.2,24,0,3,User Error,Medium,16,50.5,Medium,0.65
1118,2026-04-08 00:00:00,HR,Application Error,Teams,Bhopal,High,Resolved,Agent_12,18.7,8,1,3,Network Congestion,Low,33,67.2,High,0.75
1119,2026-04-25 00:00:00,Engineering,Cloud Access,Email,Gurugram,Medium,In Progress,Agent_09,8.3,24,0,4,Network Congestion,Medium,7,50.6,Medium,0.64
1120,2026-04-09 00:00:00,Network Operations,Cloud Access,Email,Indore,Medium,Closed,Agent_06,10.9,24,0,4,Security Policy,Low,16,40.2,Medium,0.7
1121,2025-09-07 00:00:00,Cybersecurity,Hardware Failure,Phone,Bhopal,Medium,Escalated,Agent_11,3.3,24,0,5,Hardware,Low,4,47,Medium,0.71
1122,2025-11-25 00:00:00,Operations,Password Reset,Phone,Bhopal,High,Escalated,Agent_13,5.4,8,0,3,Software Bug,Medium,32,76.6,Critical,0.93
1123,2025-07-11 00:00:00,Operations,Cloud Access,Teams,Indore,Medium,Resolved,Agent_09,2.8,24,0,3,Network Congestion,Medium,3,50,Medium,0.62
1124,2026-03-11 00:00:00,Operations,Endpoint Performance,Portal,Pune,Medium,Resolved,Agent_07,12.3,24,0,5,Access Control,Medium,11,52.2,Medium,0.63
1125,2026-05-26 00:00:00,Network Operations,VPN Access,Email,Mumbai,Medium,Resolved,Agent_10,6,24,0,4,Configuration,Low,8,41.3,Medium,0.71
1126,2026-06-25 00:00:00,Finance,VPN Access,Teams,Delhi,Critical,Closed,Agent_15,4.2,4,1,5,Hardware,High,89,100,Critical,0.99
1127,2025-08-07 00:00:00,Engineering,Hardware Failure,Email,Bengaluru,Low,Resolved,Agent_01,28.1,48,0,5,Security Policy,High,15,47.3,Medium,0.7
1128,2025-11-11 00:00:00,Sales,Wi-Fi Issue,Portal,Mumbai,Medium,In Progress,Agent_10,13.6,24,0,4,Configuration,High,5,56.1,High,0.72
1129,2026-01-16 00:00:00,Engineering,Cloud Access,Portal,Mumbai,High,In Progress,Agent_02,1.1,8,0,5,Access Control,Low,14,62.3,High,0.65
1130,2025-07-23 00:00:00,Sales,Password Reset,Email,Bengaluru,Medium,Resolved,Agent_02,10.3,24,0,4,Access Control,Medium,6,49.4,Medium,0.63
1131,2026-04-29 00:00:00,Network Operations,Email Issue,Phone,Pune,Medium,Resolved,Agent_01,8.1,24,0,4,Security Policy,Low,8,39.2,Medium,0.77
1132,2026-06-11 00:00:00,Finance,Email Issue,Email,Bengaluru,High,Closed,Agent_01,7.2,8,0,4,Unknown,Low,23,55.2,High,0.77
1133,2026-04-28 00:00:00,Finance,Security Alert,Phone,Bhopal,Low,Escalated,Agent_07,4.7,48,0,4,Access Control,Low,7,38.9,Medium,0.79
1134,2026-06-28 00:00:00,Network Operations,Network Connectivity,Teams,Bengaluru,Medium,In Progress,Agent_15,1.4,24,0,4,Hardware,High,7,47.8,Medium,0.63
1135,2026-02-03 00:00:00,Network Operations,Application Error,Teams,Bhopal,Low,Escalated,Agent_04,6.3,48,0,4,Unknown,Medium,9,28.2,Low,0.81
1136,2025-11-18 00:00:00,Sales,Application Error,Phone,Pune,Medium,Resolved,Agent_13,7.7,24,0,4,Network Congestion,High,10,56.7,High,0.63
1137,2025-10-12 00:00:00,Engineering,VPN Access,Teams,Indore,Medium,Escalated,Agent_01,4,24,0,4,Access Control,Medium,6,53.2,Medium,0.65
1138,2026-01-26 00:00:00,Network Operations,Email Issue,Portal,Pune,Low,Closed,Agent_12,28.7,48,0,3,Access Control,Medium,7,33.8,Low,0.86
1139,2025-10-19 00:00:00,Cybersecurity,Network Connectivity,Portal,Bengaluru,Critical,Resolved,Agent_08,4.4,4,1,3,Unknown,Low,78,91.2,Critical,0.99
1140,2025-10-12 00:00:00,Sales,Password Reset,Teams,Gurugram,High,Escalated,Agent_02,1.8,8,0,3,User Error,Medium,37,71.4,High,0.83
1141,2026-05-12 00:00:00,Cybersecurity,Network Connectivity,Portal,Pune,High,Escalated,Agent_11,8.8,8,1,4,Access Control,Low,50,66.3,High,0.87
1142,2025-12-18 00:00:00,IT Support,Application Error,Teams,Bengaluru,Medium,Closed,Agent_13,2.7,24,0,4,Security Policy,Low,21,35.7,Medium,0.81
1143,2026-06-21 00:00:00,Cybersecurity,Email Issue,Portal,Indore,Medium,Resolved,Agent_12,6.3,24,0,4,Software Bug,Medium,9,51,Medium,0.63
1144,2026-05-20 00:00:00,HR,Application Error,Teams,Mumbai,High,Resolved,Agent_09,4.6,8,0,4,Hardware,High,33,79.4,Critical,0.97
1145,2025-11-10 00:00:00,Cybersecurity,Email Issue,Portal,Bhopal,Low,Resolved,Agent_04,13.8,48,0,3,Hardware,Medium,5,24.5,Low,0.93
1146,2026-04-19 00:00:00,IT Support,Application Error,Portal,Bhopal,High,Closed,Agent_05,4.1,8,0,4,Software Bug,Medium,24,72.9,High,0.88
1147,2026-05-24 00:00:00,Sales,Email Issue,Teams,Bengaluru,Low,Closed,Agent_01,5.7,48,0,3,Network Congestion,High,5,35,Medium,0.8
1148,2025-11-04 00:00:00,Finance,VPN Access,Phone,Pune,Critical,Escalated,Agent_06,2,4,0,4,Configuration,Medium,61,100,Critical,0.99
1149,2025-10-14 00:00:00,IT Support,Password Reset,Email,Bhopal,Medium,Resolved,Agent_05,1.7,24,0,3,Unknown,Low,4,46.8,Medium,0.7
1150,2025-09-30 00:00:00,Network Operations,Endpoint Performance,Teams,Indore,Medium,Closed,Agent_06,5.7,24,0,3,Network Congestion,Medium,16,57.4,High,0.73
1151,2026-04-13 00:00:00,Network Operations,VPN Access,Email,Mumbai,High,Resolved,Agent_12,1,8,0,5,Access Control,Medium,36,71.3,High,0.76
1152,2025-08-20 00:00:00,Sales,Cloud Access,Portal,Mumbai,Medium,In Progress,Agent_02,6.1,24,0,4,User Error,Medium,6,43.4,Medium,0.78
1153,2025-07-29 00:00:00,Network Operations,Password Reset,Email,Gurugram,Critical,Escalated,Agent_12,1.3,4,0,5,Unknown,Low,46,80.6,Critical,0.92
1154,2026-04-22 00:00:00,Network Operations,VPN Access,Phone,Pune,High,Resolved,Agent_03,3.8,8,0,5,Configuration,High,35,78.9,Critical,0.99
1155,2026-04-23 00:00:00,HR,Password Reset,Teams,Gurugram,High,In Progress,Agent_08,7,8,0,4,User Error,Medium,41,73.4,High,0.88
1156,2026-01-30 00:00:00,Network Operations,Application Error,Teams,Bengaluru,Medium,In Progress,Agent_03,1.4,24,0,4,Network Congestion,Low,6,40.2,Medium,0.8
1157,2026-03-24 00:00:00,Finance,Password Reset,Email,Gurugram,Low,Escalated,Agent_12,2.9,48,0,3,Security Policy,Low,12,25.4,Low,0.85
1158,2026-03-14 00:00:00,Network Operations,Hardware Failure,Portal,Bengaluru,High,Closed,Agent_07,2.7,8,0,3,Security Policy,High,35,86.4,Critical,0.99
1159,2026-04-28 00:00:00,Finance,Cloud Access,Portal,Indore,Low,In Progress,Agent_10,17.9,48,0,3,Configuration,Low,3,18.3,Low,0.99
1160,2025-10-09 00:00:00,Engineering,Wi-Fi Issue,Phone,Pune,High,Resolved,Agent_09,7.6,8,0,4,User Error,High,25,87.3,Critical,0.99
1161,2026-06-11 00:00:00,HR,Password Reset,Email,Gurugram,Medium,Resolved,Agent_03,4.1,24,0,5,Network Congestion,High,9,54.5,Medium,0.68
1162,2025-10-18 00:00:00,Finance,Password Reset,Email,Mumbai,Critical,Resolved,Agent_01,1,4,0,5,Access Control,High,112,100,Critical,0.99
1163,2025-12-29 00:00:00,Sales,Cloud Access,Phone,Bhopal,High,In Progress,Agent_03,5.9,8,0,4,Security Policy,Medium,36,73.7,High,0.94
1164,2026-05-09 00:00:00,Finance,Cloud Access,Phone,Bhopal,Medium,Resolved,Agent_04,5.4,24,0,4,Network Congestion,Medium,10,48.6,Medium,0.63
1165,2025-07-01 00:00:00,Finance,Password Reset,Email,Gurugram,Medium,In Progress,Agent_12,1,24,0,5,Security Policy,Low,36,45.1,Medium,0.65
1166,2026-05-15 00:00:00,HR,Endpoint Performance,Teams,Indore,Medium,Resolved,Agent_11,21.7,24,0,4,Security Policy,High,4,55.1,High,0.83
1167,2025-08-24 00:00:00,Engineering,Password Reset,Portal,Mumbai,High,Resolved,Agent_02,9.3,8,1,3,Unknown,Low,28,66.1,High,0.73
1168,2025-11-26 00:00:00,Engineering,Password Reset,Portal,Delhi,High,Resolved,Agent_12,2.6,8,0,4,Hardware,High,27,74.8,High,0.95
1169,2026-05-05 00:00:00,IT Support,Endpoint Performance,Phone,Indore,High,Closed,Agent_04,2.3,8,0,5,User Error,High,28,81.7,Critical,0.9
1170,2025-11-14 00:00:00,Network Operations,Password Reset,Teams,Indore,Medium,Escalated,Agent_02,4.6,24,0,5,Hardware,Medium,9,49.1,Medium,0.7
1171,2026-01-18 00:00:00,Network Operations,Network Connectivity,Teams,Bengaluru,Low,Resolved,Agent_15,8.3,48,0,5,Configuration,High,13,33.6,Low,0.76
1172,2026-05-09 00:00:00,HR,Password Reset,Email,Pune,Low,Escalated,Agent_01,6.8,48,0,4,Configuration,High,5,36.7,Medium,0.8
1173,2025-10-25 00:00:00,Sales,VPN Access,Email,Indore,Medium,In Progress,Agent_14,18,24,0,4,Hardware,Medium,6,43.9,Medium,0.82
1174,2025-12-01 00:00:00,Sales,Endpoint Performance,Teams,Indore,Medium,In Progress,Agent_05,18,24,0,3,User Error,High,7,56.4,High,0.76
1175,2026-04-17 00:00:00,IT Support,Network Connectivity,Email,Gurugram,Medium,In Progress,Agent_03,5.5,24,0,5,Configuration,Medium,47,54.6,Medium,0.77
1176,2025-09-01 00:00:00,IT Support,Email Issue,Portal,Bengaluru,Medium,Resolved,Agent_05,4.2,24,0,5,Software Bug,High,1,60.5,High,0.8
1177,2026-03-01 00:00:00,Network Operations,Application Error,Teams,Indore,Critical,Resolved,Agent_06,6.1,4,1,2,User Error,Low,59,93.3,Critical,0.99
1178,2025-07-25 00:00:00,Sales,Cloud Access,Email,Pune,High,Resolved,Agent_03,3.4,8,0,4,Hardware,Low,37,65.3,High,0.87
1179,2025-09-28 00:00:00,Sales,Application Error,Portal,Mumbai,Medium,Escalated,Agent_05,12.1,24,0,4,Network Congestion,High,16,66.5,High,0.81
1180,2025-09-13 00:00:00,Network Operations,Security Alert,Phone,Bengaluru,High,Resolved,Agent_02,2.1,8,0,4,Configuration,High,52,100,Critical,0.99
1181,2026-04-20 00:00:00,Cybersecurity,Password Reset,Phone,Indore,Medium,Escalated,Agent_14,5.7,24,0,4,User Error,Medium,6,54.9,Medium,0.77
1182,2026-01-26 00:00:00,Operations,VPN Access,Phone,Indore,Low,Resolved,Agent_13,8.9,48,0,4,Security Policy,Low,8,18.2,Low,0.99
1183,2026-06-12 00:00:00,Sales,Security Alert,Teams,Bengaluru,High,Closed,Agent_11,5.6,8,0,4,Access Control,High,36,100,Critical,0.99
1184,2025-07-17 00:00:00,HR,Password Reset,Teams,Bengaluru,Medium,In Progress,Agent_08,6.5,24,0,5,Software Bug,High,2,55,High,0.73
1185,2025-11-05 00:00:00,Network Operations,Application Error,Teams,Gurugram,Medium,Escalated,Agent_04,1.5,24,0,5,User Error,High,3,61.8,High,0.75
1186,2026-06-29 00:00:00,Sales,Email Issue,Email,Indore,Critical,Resolved,Agent_08,1,4,0,4,Hardware,Medium,105,100,Critical,0.99
1187,2026-03-08 00:00:00,IT Support,VPN Access,Phone,Pune,High,Resolved,Agent_03,4.1,8,0,4,Security Policy,Medium,36,64,High,0.73
1188,2025-12-26 00:00:00,HR,Email Issue,Portal,Bhopal,High,Resolved,Agent_03,7,8,0,5,Security Policy,High,33,87.9,Critical,0.99
1189,2025-12-29 00:00:00,Operations,Network Connectivity,Phone,Bhopal,High,Escalated,Agent_08,10.3,8,1,4,Hardware,High,21,89.1,Critical,0.99
1190,2025-11-29 00:00:00,Cybersecurity,Network Connectivity,Phone,Indore,Low,Resolved,Agent_10,8,48,0,5,Security Policy,Low,7,15.3,Low,0.99
1191,2025-07-25 00:00:00,Cybersecurity,Password Reset,Teams,Mumbai,Low,In Progress,Agent_05,1,48,0,3,Unknown,High,20,36.9,Medium,0.81
1192,2025-12-27 00:00:00,Sales,Application Error,Teams,Delhi,Medium,Resolved,Agent_02,10.5,24,0,5,Hardware,Medium,8,40.4,Medium,0.82
1193,2026-01-14 00:00:00,IT Support,Network Connectivity,Portal,Gurugram,Medium,Closed,Agent_11,4.7,24,0,5,Unknown,Medium,11,51.8,Medium,0.67
1194,2026-06-09 00:00:00,Finance,Wi-Fi Issue,Phone,Mumbai,Medium,Resolved,Agent_02,11,24,0,4,Security Policy,Medium,5,45.7,Medium,0.62
1195,2025-12-08 00:00:00,HR,Password Reset,Teams,Gurugram,Low,Closed,Agent_14,10.2,48,0,5,User Error,Low,14,22,Low,0.95
1196,2025-12-24 00:00:00,Engineering,Hardware Failure,Phone,Mumbai,Medium,Closed,Agent_01,9.4,24,0,4,Access Control,Low,5,28.1,Low,0.9
1197,2026-04-11 00:00:00,HR,Application Error,Phone,Bhopal,Low,Resolved,Agent_13,7.4,48,0,5,Access Control,High,33,41.5,Medium,0.73
1198,2025-09-01 00:00:00,HR,Network Connectivity,Phone,Indore,High,Resolved,Agent_01,5.4,8,0,4,Network Congestion,Low,30,60.2,High,0.74
1199,2025-11-27 00:00:00,HR,Email Issue,Email,Indore,Medium,In Progress,Agent_01,9.6,24,0,4,Unknown,High,2,58.3,High,0.71
1200,2025-12-01 00:00:00,IT Support,Network Connectivity,Phone,Bhopal,Critical,Resolved,Agent_07,1,4,0,5,Software Bug,Medium,79,100,Critical,0.99
1201,2025-12-03 00:00:00,Operations,Security Alert,Phone,Indore,High,Resolved,Agent_15,8.5,8,1,3,User Error,Medium,30,89.3,Critical,0.99
1202,2025-08-18 00:00:00,Cybersecurity,Wi-Fi Issue,Email,Gurugram,High,Closed,Agent_05,1.6,8,0,5,Hardware,High,14,75.4,Critical,0.99
1203,2026-06-02 00:00:00,Engineering,Password Reset,Email,Mumbai,Low,Escalated,Agent_15,3.1,48,0,3,Software Bug,Low,12,20.1,Low,0.99
1204,2025-09-22 00:00:00,Cybersecurity,Password Reset,Phone,Bengaluru,High,Resolved,Agent_10,9.1,8,1,3,Security Policy,Medium,30,75.2,Critical,0.97
1205,2026-06-26 00:00:00,Operations,Network Connectivity,Portal,Indore,Critical,In Progress,Agent_10,1.3,4,0,4,Unknown,Low,43,89.1,Critical,0.95
1206,2025-12-24 00:00:00,IT Support,VPN Access,Portal,Delhi,Critical,In Progress,Agent_02,4,4,0,5,Unknown,Low,86,82.5,Critical,0.93
1207,2025-11-25 00:00:00,Cybersecurity,Security Alert,Phone,Indore,Low,In Progress,Agent_06,10.3,48,0,4,User Error,Medium,34,47.7,Medium,0.7
1208,2025-10-26 00:00:00,Cybersecurity,VPN Access,Teams,Pune,Critical,Resolved,Agent_02,2.3,4,0,3,Unknown,Medium,43,92,Critical,0.99
1209,2026-06-07 00:00:00,Sales,Network Connectivity,Phone,Bengaluru,Medium,In Progress,Agent_03,7.3,24,0,5,Unknown,High,5,50.7,Medium,0.64
1210,2025-09-01 00:00:00,Sales,Security Alert,Phone,Bhopal,High,In Progress,Agent_15,8.9,8,1,4,Configuration,Medium,23,87.3,Critical,0.99
1211,2026-01-05 00:00:00,IT Support,Cloud Access,Portal,Mumbai,High,Resolved,Agent_05,5.8,8,0,4,Security Policy,Low,16,65.8,High,0.86
1212,2026-06-25 00:00:00,Operations,Password Reset,Email,Indore,Medium,Closed,Agent_02,5.4,24,0,5,Access Control,High,3,67.5,High,0.73
1213,2025-08-18 00:00:00,Engineering,Hardware Failure,Teams,Bhopal,Low,Escalated,Agent_15,24.6,48,0,5,Security Policy,Low,13,22.3,Low,0.96
1214,2026-05-23 00:00:00,HR,Application Error,Teams,Pune,Low,Resolved,Agent_08,3.2,48,0,5,Software Bug,High,5,34.4,Low,0.83
1215,2026-03-14 00:00:00,Network Operations,Hardware Failure,Phone,Bengaluru,Low,Resolved,Agent_03,8.4,48,0,4,Software Bug,Medium,4,30.9,Low,0.86
1216,2026-02-09 00:00:00,IT Support,Security Alert,Teams,Bhopal,Critical,Resolved,Agent_04,3,4,0,4,Configuration,Medium,97,100,Critical,0.99
1217,2025-11-18 00:00:00,IT Support,Email Issue,Teams,Pune,Medium,Resolved,Agent_03,6.3,24,0,4,User Error,Low,7,39.2,Medium,0.85
1218,2026-01-31 00:00:00,Operations,Endpoint Performance,Email,Pune,High,Closed,Agent_04,1.5,8,0,4,Network Congestion,Medium,33,69.6,High,0.85
1219,2026-01-27 00:00:00,IT Support,Password Reset,Email,Bengaluru,Medium,Resolved,Agent_04,12.1,24,0,4,Access Control,Low,4,38.4,Medium,0.86
1220,2026-05-14 00:00:00,Engineering,Application Error,Teams,Gurugram,Medium,Resolved,Agent_07,9.6,24,0,4,Access Control,High,7,55.6,High,0.71
1221,2025-08-01 00:00:00,Operations,Cloud Access,Email,Gurugram,High,In Progress,Agent_12,1.6,8,0,3,Hardware,Low,19,68.8,High,0.79
1222,2025-12-05 00:00:00,Sales,Security Alert,Email,Indore,Critical,Resolved,Agent_02,1.7,4,0,5,Security Policy,Medium,65,100,Critical,0.99
1223,2026-04-11 00:00:00,IT Support,Endpoint Performance,Teams,Delhi,High,Escalated,Agent_10,2.1,8,0,4,User Error,Medium,26,63.3,High,0.75
1224,2026-05-01 00:00:00,HR,Network Connectivity,Portal,Bengaluru,High,Resolved,Agent_04,1.6,8,0,4,Access Control,High,24,93.2,Critical,0.99
1225,2026-04-12 00:00:00,HR,Email Issue,Email,Pune,High,Resolved,Agent_09,2.9,8,0,5,User Error,Medium,16,75.4,Critical,0.98
1226,2025-11-21 00:00:00,Engineering,Hardware Failure,Teams,Bengaluru,Medium,In Progress,Agent_09,27.7,24,1,2,Access Control,Medium,9,47.8,Medium,0.71
1227,2025-07-19 00:00:00,Cybersecurity,VPN Access,Teams,Bengaluru,Medium,In Progress,Agent_03,2.2,24,0,5,Security Policy,High,23,61.8,High,0.76
1228,2025-07-18 00:00:00,Finance,Application Error,Teams,Mumbai,Medium,In Progress,Agent_02,1.8,24,0,4,User Error,Low,4,39.7,Medium,0.87
1229,2026-03-14 00:00:00,IT Support,VPN Access,Teams,Bhopal,High,In Progress,Agent_11,3.4,8,0,4,Unknown,High,18,74.6,High,0.85
1230,2025-09-16 00:00:00,IT Support,Wi-Fi Issue,Phone,Delhi,Medium,Resolved,Agent_09,3.9,24,0,4,Security Policy,Medium,8,55,High,0.7
1231,2025-12-22 00:00:00,HR,VPN Access,Teams,Bhopal,Medium,Closed,Agent_15,1.9,24,0,5,Security Policy,Medium,5,44.9,Medium,0.63
1232,2026-01-10 00:00:00,Sales,Network Connectivity,Portal,Gurugram,Medium,Escalated,Agent_05,2.6,24,0,4,Security Policy,Medium,12,51.6,Medium,0.69
1233,2025-10-21 00:00:00,IT Support,Email Issue,Teams,Bhopal,Low,Resolved,Agent_14,1,48,0,4,Access Control,Medium,29,36.7,Medium,0.78
1234,2025-10-22 00:00:00,Cybersecurity,Security Alert,Teams,Indore,High,Closed,Agent_11,3,8,0,4,Security Policy,Low,25,73.8,High,0.89
1235,2026-02-07 00:00:00,Operations,Network Connectivity,Portal,Mumbai,Medium,Escalated,Agent_07,14.3,24,0,2,Access Control,Low,3,29.6,Low,0.79
1236,2025-12-13 00:00:00,Cybersecurity,Wi-Fi Issue,Teams,Indore,Low,Resolved,Agent_02,1.6,48,0,4,Security Policy,High,4,36.3,Medium,0.72
1237,2026-05-15 00:00:00,Cybersecurity,Endpoint Performance,Phone,Indore,Low,Resolved,Agent_01,6.4,48,0,5,Hardware,Medium,10,28.8,Low,0.82
1238,2025-11-09 00:00:00,Network Operations,Network Connectivity,Teams,Bhopal,High,Resolved,Agent_11,1.4,8,0,5,Access Control,Medium,28,73.6,High,0.87
1239,2026-03-21 00:00:00,HR,Password Reset,Portal,Pune,Low,Resolved,Agent_13,18,48,0,5,Security Policy,High,22,39.8,Medium,0.84
1240,2025-08-24 00:00:00,IT Support,Endpoint Performance,Phone,Bhopal,High,Escalated,Agent_10,9.3,8,1,3,User Error,Low,28,63.4,High,0.73
1241,2026-06-24 00:00:00,Engineering,VPN Access,Email,Bhopal,Medium,Resolved,Agent_02,13.5,24,0,5,User Error,Low,7,42.5,Medium,0.77
1242,2025-11-08 00:00:00,Sales,Hardware Failure,Portal,Bengaluru,Low,Resolved,Agent_02,29.5,48,0,4,Unknown,Medium,2,21.9,Low,0.99
1243,2026-04-14 00:00:00,HR,VPN Access,Teams,Bengaluru,Critical,Escalated,Agent_03,1,4,0,5,Network Congestion,Medium,48,92.6,Critical,0.99
1244,2026-03-23 00:00:00,Cybersecurity,Network Connectivity,Email,Bhopal,Critical,Resolved,Agent_10,2,4,0,4,Configuration,Medium,107,91.1,Critical,0.99
1245,2025-12-09 00:00:00,Finance,Password Reset,Email,Indore,Medium,In Progress,Agent_09,3,24,0,4,Hardware,Low,6,39.7,Medium,0.78
1246,2025-09-25 00:00:00,Sales,Email Issue,Email,Indore,Low,Resolved,Agent_02,9.9,48,0,5,Hardware,Low,5,16.3,Low,0.99
1247,2025-08-24 00:00:00,Finance,Endpoint Performance,Teams,Indore,Critical,Resolved,Agent_11,1,4,0,4,Network Congestion,High,96,100,Critical,0.99
1248,2026-04-14 00:00:00,Engineering,Hardware Failure,Teams,Gurugram,High,Resolved,Agent_04,7,8,0,5,Network Congestion,Medium,19,67.7,High,0.83
1249,2025-12-25 00:00:00,Network Operations,Application Error,Phone,Indore,High,Escalated,Agent_15,2.7,8,0,5,Unknown,Medium,25,67,High,0.85
1250,2026-06-14 00:00:00,Finance,Application Error,Phone,Gurugram,Low,Closed,Agent_04,9.1,48,0,4,Access Control,Medium,15,31.4,Low,0.74
1251,2025-07-08 00:00:00,Network Operations,Security Alert,Teams,Indore,Critical,In Progress,Agent_07,4.9,4,1,3,Network Congestion,Medium,120,100,Critical,0.99
1252,2026-05-17 00:00:00,Sales,Cloud Access,Teams,Bhopal,Low,Resolved,Agent_13,14.6,48,0,5,Hardware,Medium,5,27.6,Low,0.82
1253,2026-05-09 00:00:00,HR,Security Alert,Email,Indore,High,Resolved,Agent_06,13.2,8,1,4,User Error,Low,37,87.3,Critical,0.92
1254,2026-03-04 00:00:00,Sales,Network Connectivity,Email,Mumbai,Medium,Closed,Agent_13,16.2,24,0,4,Access Control,High,23,58.9,High,0.71
1255,2026-05-19 00:00:00,Network Operations,Email Issue,Teams,Pune,Medium,In Progress,Agent_02,12.7,24,0,5,Network Congestion,Low,3,33.6,Low,0.75
1256,2026-03-12 00:00:00,Network Operations,Cloud Access,Teams,Mumbai,High,Resolved,Agent_04,2.3,8,0,5,Configuration,Medium,32,71,High,0.99
1257,2026-05-24 00:00:00,Engineering,Hardware Failure,Email,Pune,Medium,Resolved,Agent_03,3.3,24,0,5,Access Control,Medium,5,38.8,Medium,0.75
1258,2025-08-23 00:00:00,Operations,Cloud Access,Portal,Gurugram,Low,Resolved,Agent_13,22.4,48,0,5,Configuration,High,12,36,Medium,0.76
1259,2026-03-06 00:00:00,Finance,Hardware Failure,Portal,Delhi,Critical,Resolved,Agent_01,2.8,4,0,3,Access Control,High,91,98.9,Critical,0.99
1260,2026-02-24 00:00:00,Network Operations,Network Connectivity,Teams,Bhopal,High,Closed,Agent_05,8.6,8,1,3,Access Control,High,23,83.1,Critical,0.97
1261,2026-02-14 00:00:00,Operations,Security Alert,Email,Gurugram,High,Closed,Agent_07,3.5,8,0,4,Network Congestion,High,16,98.6,Critical,0.99
1262,2025-09-05 00:00:00,Engineering,Hardware Failure,Email,Delhi,Medium,In Progress,Agent_01,3.4,24,0,5,Software Bug,Low,6,36.7,Medium,0.71
1263,2025-08-20 00:00:00,IT Support,Network Connectivity,Portal,Bhopal,Critical,Escalated,Agent_04,3.4,4,0,4,Hardware,High,98,100,Critical,0.99
1264,2025-10-05 00:00:00,HR,VPN Access,Phone,Delhi,Critical,Resolved,Agent_05,8.2,4,1,2,Configuration,High,35,100,Critical,0.99
1265,2025-09-30 00:00:00,IT Support,VPN Access,Phone,Bhopal,Medium,Escalated,Agent_13,2.3,24,0,4,Security Policy,High,22,61.6,High,0.82
1266,2026-03-21 00:00:00,Cybersecurity,Endpoint Performance,Portal,Gurugram,Medium,Resolved,Agent_14,3,24,0,4,Hardware,Medium,4,46.6,Medium,0.71
1267,2026-04-17 00:00:00,Operations,Cloud Access,Teams,Mumbai,Low,In Progress,Agent_10,31.2,48,0,5,Unknown,Low,8,17.7,Low,0.93
1268,2025-10-04 00:00:00,Finance,Hardware Failure,Phone,Delhi,High,Resolved,Agent_13,9.6,8,1,3,Network Congestion,Low,16,57.4,High,0.79
1269,2025-09-26 00:00:00,Sales,VPN Access,Portal,Mumbai,High,Resolved,Agent_02,7.6,8,0,3,Unknown,High,14,72.2,High,0.93
1270,2025-09-16 00:00:00,HR,Network Connectivity,Email,Mumbai,Medium,Closed,Agent_08,4.5,24,0,4,User Error,Low,13,42.3,Medium,0.65
1271,2026-04-14 00:00:00,HR,Security Alert,Phone,Delhi,Critical,Escalated,Agent_14,4.2,4,1,2,User Error,Medium,43,100,Critical,0.99
1272,2025-10-28 00:00:00,HR,Password Reset,Phone,Bengaluru,Critical,In Progress,Agent_13,1,4,0,4,Security Policy,High,51,100,Critical,0.99
1273,2026-04-28 00:00:00,Network Operations,Email Issue,Phone,Bengaluru,Low,Resolved,Agent_11,6.2,48,0,5,User Error,High,4,40.9,Medium,0.79
1274,2025-12-12 00:00:00,Engineering,Password Reset,Email,Mumbai,Low,Resolved,Agent_03,7.2,48,0,3,Network Congestion,Medium,8,18.7,Low,0.92
1275,2025-12-29 00:00:00,Engineering,Network Connectivity,Teams,Pune,Medium,In Progress,Agent_06,12,24,0,4,Security Policy,Low,5,41.3,Medium,0.8
1276,2026-02-08 00:00:00,Cybersecurity,Email Issue,Teams,Gurugram,Medium,Resolved,Agent_08,9.2,24,0,5,Network Congestion,Low,9,31.4,Low,0.82
1277,2026-05-07 00:00:00,Network Operations,Security Alert,Email,Mumbai,Medium,Closed,Agent_05,19.3,24,0,4,Software Bug,Low,14,57,High,0.68
1278,2025-07-07 00:00:00,Cybersecurity,Application Error,Phone,Gurugram,Medium,In Progress,Agent_02,10.4,24,0,4,Configuration,Medium,8,48.4,Medium,0.64
1279,2026-05-26 00:00:00,Network Operations,Email Issue,Portal,Bhopal,Low,Resolved,Agent_05,11.4,48,0,4,Software Bug,High,19,43.3,Medium,0.62
1280,2026-03-20 00:00:00,Network Operations,VPN Access,Phone,Indore,Critical,Escalated,Agent_07,1.8,4,0,5,Security Policy,High,81,100,Critical,0.99
1281,2025-12-08 00:00:00,HR,VPN Access,Phone,Bengaluru,Medium,Resolved,Agent_11,4.6,24,0,4,Network Congestion,Medium,6,47.2,Medium,0.73
1282,2025-11-28 00:00:00,Finance,Cloud Access,Email,Bhopal,Low,Escalated,Agent_08,16.3,48,0,4,Network Congestion,High,21,42.3,Medium,0.7
1283,2025-09-23 00:00:00,Cybersecurity,Email Issue,Phone,Mumbai,Low,Resolved,Agent_15,3.7,48,0,5,Unknown,Medium,25,23.6,Low,0.91
1284,2025-11-24 00:00:00,IT Support,Password Reset,Teams,Bengaluru,Medium,Resolved,Agent_15,11.8,24,0,3,User Error,Medium,11,45,Medium,0.69
1285,2025-10-20 00:00:00,IT Support,Password Reset,Phone,Bengaluru,Medium,Closed,Agent_08,3.8,24,0,4,User Error,Low,7,41.5,Medium,0.74
1286,2025-08-05 00:00:00,IT Support,Network Connectivity,Phone,Delhi,Medium,In Progress,Agent_13,31.7,24,1,4,Hardware,Low,4,36.3,Medium,0.76
1287,2026-04-11 00:00:00,Network Operations,VPN Access,Phone,Delhi,High,Closed,Agent_06,1,8,0,4,Network Congestion,Medium,32,81.9,Critical,0.94
1288,2026-01-04 00:00:00,Finance,Hardware Failure,Phone,Bengaluru,Low,Resolved,Agent_12,5.8,48,0,5,Access Control,Medium,16,28.6,Low,0.8
1289,2025-09-20 00:00:00,Engineering,Wi-Fi Issue,Email,Pune,Medium,Escalated,Agent_01,6.2,24,0,4,Hardware,High,7,72.5,High,0.84
1290,2025-07-02 00:00:00,HR,Application Error,Portal,Pune,Medium,Resolved,Agent_12,20.2,24,0,5,Security Policy,High,13,54.7,Medium,0.7
1291,2026-04-29 00:00:00,HR,Security Alert,Email,Indore,Critical,Closed,Agent_05,1.4,4,0,4,Unknown,High,44,100,Critical,0.99
1292,2026-01-13 00:00:00,Cybersecurity,Wi-Fi Issue,Phone,Mumbai,Medium,Resolved,Agent_10,9.5,24,0,4,Security Policy,Medium,19,44.1,Medium,0.69
1293,2025-07-11 00:00:00,Finance,Endpoint Performance,Portal,Bhopal,Medium,Escalated,Agent_14,9.5,24,0,5,User Error,Medium,11,42.7,Medium,0.7
1294,2026-02-19 00:00:00,Engineering,Application Error,Phone,Pune,Low,Resolved,Agent_15,6.9,48,0,4,Hardware,Medium,6,29,Low,0.78
1295,2026-01-11 00:00:00,Cybersecurity,Hardware Failure,Phone,Gurugram,Medium,Resolved,Agent_08,3.2,24,0,4,Network Congestion,Medium,5,57.9,High,0.79
1296,2025-10-27 00:00:00,Finance,VPN Access,Email,Bengaluru,Low,Resolved,Agent_02,1.6,48,0,4,Configuration,High,12,43.6,Medium,0.72
1297,2025-07-20 00:00:00,Finance,Hardware Failure,Email,Bengaluru,Medium,Resolved,Agent_05,8.5,24,0,4,Hardware,Low,3,31.9,Low,0.83
1298,2026-03-18 00:00:00,Finance,Security Alert,Portal,Bhopal,High,Resolved,Agent_07,1,8,0,4,User Error,High,12,85.6,Critical,0.99
1299,2026-04-19 00:00:00,HR,Endpoint Performance,Email,Bengaluru,High,Resolved,Agent_07,4.8,8,0,5,Security Policy,High,32,94.5,Critical,0.99
1300,2026-03-13 00:00:00,Network Operations,Application Error,Phone,Pune,Medium,Resolved,Agent_07,7.6,24,0,3,Access Control,High,15,62.4,High,0.82
1301,2026-02-07 00:00:00,Cybersecurity,Cloud Access,Portal,Pune,Low,In Progress,Agent_05,15.9,48,0,4,Network Congestion,Low,29,17.1,Low,0.99
1302,2026-02-11 00:00:00,Finance,VPN Access,Teams,Gurugram,Medium,Closed,Agent_03,6,24,0,4,Unknown,Low,16,37.3,Medium,0.76
1303,2025-08-22 00:00:00,Sales,Security Alert,Teams,Pune,Medium,Closed,Agent_08,18.7,24,0,5,Configuration,Medium,9,63.1,High,0.78
1304,2026-06-20 00:00:00,IT Support,Wi-Fi Issue,Teams,Bhopal,High,In Progress,Agent_04,1.8,8,0,4,Access Control,Medium,37,68.2,High,0.86
1305,2026-06-07 00:00:00,Finance,Password Reset,Email,Delhi,High,Resolved,Agent_01,2.9,8,0,4,Unknown,Medium,32,72.9,High,0.89
1306,2026-06-29 00:00:00,Engineering,Wi-Fi Issue,Email,Bhopal,Low,Escalated,Agent_06,5.1,48,0,4,User Error,Low,7,20.4,Low,0.99
1307,2026-04-06 00:00:00,Engineering,Endpoint Performance,Phone,Delhi,Low,Escalated,Agent_11,5.9,48,0,4,Configuration,High,10,32.8,Low,0.88
1308,2025-09-19 00:00:00,Cybersecurity,Email Issue,Teams,Indore,Medium,Escalated,Agent_14,4.1,24,0,4,Hardware,High,5,52.3,Medium,0.68
1309,2026-01-18 00:00:00,Finance,Endpoint Performance,Email,Delhi,Medium,Escalated,Agent_02,10.2,24,0,4,User Error,Low,11,44.8,Medium,0.68
1310,2025-12-05 00:00:00,Cybersecurity,Network Connectivity,Email,Gurugram,Low,Resolved,Agent_08,12.1,48,0,4,Configuration,Low,9,22.9,Low,0.92
1311,2025-10-28 00:00:00,Engineering,Wi-Fi Issue,Teams,Bhopal,High,Resolved,Agent_03,3.2,8,0,4,Software Bug,Medium,31,79.2,Critical,0.94
1312,2025-08-28 00:00:00,Finance,Wi-Fi Issue,Teams,Delhi,Medium,Resolved,Agent_03,6.5,24,0,3,Configuration,Medium,6,49.3,Medium,0.65
1313,2026-01-31 00:00:00,Cybersecurity,Password Reset,Portal,Indore,Medium,Escalated,Agent_04,7.4,24,0,4,Unknown,High,3,62.8,High,0.73
1314,2025-11-05 00:00:00,Finance,Hardware Failure,Phone,Mumbai,Low,In Progress,Agent_06,18.4,48,0,4,Network Congestion,Medium,8,19.8,Low,0.91
1315,2026-02-09 00:00:00,Operations,Application Error,Email,Bengaluru,Medium,Closed,Agent_01,12.1,24,0,4,Network Congestion,Low,11,41.3,Medium,0.74
1316,2026-01-25 00:00:00,Network Operations,Hardware Failure,Teams,Bhopal,Medium,Resolved,Agent_11,5.1,24,0,5,Unknown,High,6,60.8,High,0.74
1317,2025-10-23 00:00:00,Sales,Network Connectivity,Portal,Bengaluru,Critical,Closed,Agent_03,1,4,0,3,Access Control,Medium,28,98.4,Critical,0.99
1318,2026-01-25 00:00:00,HR,Wi-Fi Issue,Phone,Mumbai,Medium,In Progress,Agent_03,2,24,0,5,Hardware,Low,9,46.7,Medium,0.58
1319,2025-07-14 00:00:00,Sales,Security Alert,Teams,Mumbai,Critical,Resolved,Agent_15,1,4,0,3,Security Policy,Medium,71,100,Critical,0.99
1320,2025-07-09 00:00:00,Engineering,VPN Access,Teams,Bengaluru,High,Resolved,Agent_15,1.5,8,0,5,Network Congestion,High,36,85.2,Critical,0.98
1321,2025-08-09 00:00:00,Sales,Password Reset,Phone,Gurugram,Medium,Closed,Agent_01,7.7,24,0,4,Configuration,Low,2,36.7,Medium,0.84
1322,2026-02-22 00:00:00,HR,Password Reset,Email,Mumbai,Low,Escalated,Agent_06,2.4,48,0,4,Software Bug,Medium,9,31.5,Low,0.86
1323,2026-04-07 00:00:00,Network Operations,Email Issue,Portal,Mumbai,High,Closed,Agent_10,2.2,8,0,4,Network Congestion,Low,17,57.5,High,0.71
1324,2026-06-24 00:00:00,IT Support,VPN Access,Email,Bengaluru,High,In Progress,Agent_15,6.1,8,0,5,Hardware,High,9,76.4,Critical,0.92
1325,2026-01-17 00:00:00,Network Operations,Security Alert,Teams,Bengaluru,Medium,Escalated,Agent_09,9.9,24,0,4,Software Bug,High,6,80.6,Critical,0.93
1326,2026-03-03 00:00:00,Finance,Email Issue,Teams,Bengaluru,Medium,Resolved,Agent_12,6.2,24,0,4,Hardware,Low,60,53.3,Medium,0.74
1327,2026-04-04 00:00:00,HR,Application Error,Email,Gurugram,Low,Escalated,Agent_04,18.6,48,0,4,Configuration,Low,32,15,Low,0.98
1328,2026-02-20 00:00:00,IT Support,Password Reset,Phone,Delhi,Medium,In Progress,Agent_06,8,24,0,4,Hardware,Low,2,47,Medium,0.63
1329,2025-07-04 00:00:00,Engineering,Wi-Fi Issue,Portal,Delhi,Medium,Closed,Agent_06,6.1,24,0,5,Access Control,High,7,56,High,0.68
1330,2025-12-01 00:00:00,Cybersecurity,Cloud Access,Email,Bengaluru,Medium,Closed,Agent_10,13.2,24,0,4,User Error,Low,4,44.6,Medium,0.69
1331,2025-07-29 00:00:00,Finance,Password Reset,Email,Bhopal,Medium,Resolved,Agent_09,14.7,24,0,4,Access Control,High,5,48,Medium,0.73
1332,2025-10-17 00:00:00,HR,Network Connectivity,Phone,Delhi,Medium,Escalated,Agent_02,9.2,24,0,3,Hardware,Medium,3,51.8,Medium,0.62
1333,2025-10-06 00:00:00,Network Operations,Endpoint Performance,Portal,Delhi,Medium,In Progress,Agent_05,12.2,24,0,5,Security Policy,High,12,73.4,High,0.8
1334,2026-01-31 00:00:00,IT Support,Cloud Access,Email,Gurugram,Medium,Resolved,Agent_01,6.4,24,0,3,Configuration,High,12,69.5,High,0.84
1335,2026-04-19 00:00:00,Operations,Security Alert,Phone,Indore,Medium,Resolved,Agent_04,17.5,24,0,5,Access Control,Low,4,54.2,Medium,0.63
1336,2025-09-13 00:00:00,HR,Network Connectivity,Teams,Bhopal,High,In Progress,Agent_14,2.5,8,0,5,Configuration,High,41,94.2,Critical,0.99
1337,2026-05-22 00:00:00,Network Operations,Security Alert,Teams,Gurugram,High,Resolved,Agent_03,1,8,0,4,Network Congestion,High,25,91.8,Critical,0.99
1338,2025-11-23 00:00:00,Network Operations,Network Connectivity,Email,Bengaluru,High,Escalated,Agent_08,4.6,8,0,4,Network Congestion,Medium,26,71.1,High,0.82
1339,2025-11-05 00:00:00,IT Support,Email Issue,Email,Bhopal,High,Resolved,Agent_14,1.5,8,0,4,Security Policy,High,42,76.6,Critical,0.88
1340,2026-06-06 00:00:00,Engineering,Network Connectivity,Email,Bengaluru,High,Escalated,Agent_12,1.2,8,0,4,Security Policy,Low,25,57.2,High,0.75
1341,2025-08-11 00:00:00,Cybersecurity,Wi-Fi Issue,Email,Bengaluru,Low,In Progress,Agent_06,16.6,48,0,5,Software Bug,Medium,10,28.2,Low,0.9
1342,2026-06-21 00:00:00,Operations,Security Alert,Email,Indore,Medium,In Progress,Agent_04,8.1,24,0,4,Security Policy,Low,3,46.6,Medium,0.67
1343,2025-08-10 00:00:00,IT Support,Wi-Fi Issue,Email,Delhi,High,Resolved,Agent_03,7,8,0,5,Unknown,Low,11,52.4,Medium,0.7
1344,2025-08-03 00:00:00,Finance,Password Reset,Email,Pune,Medium,Escalated,Agent_05,19.1,24,0,4,Hardware,Low,10,36,Medium,0.83
1345,2025-07-17 00:00:00,Operations,Cloud Access,Teams,Mumbai,Low,Resolved,Agent_05,4.9,48,0,4,Software Bug,Low,13,27.3,Low,0.89
1346,2025-12-12 00:00:00,Sales,Hardware Failure,Portal,Bengaluru,High,Resolved,Agent_14,7.4,8,0,5,Software Bug,High,24,85.5,Critical,0.99
1347,2025-11-30 00:00:00,Finance,Wi-Fi Issue,Phone,Mumbai,Medium,Resolved,Agent_06,11.9,24,0,4,Security Policy,Low,3,39.4,Medium,0.74
1348,2025-09-14 00:00:00,Engineering,Cloud Access,Phone,Bhopal,Medium,Resolved,Agent_04,5.4,24,0,5,Network Congestion,High,9,64.8,High,0.8
1349,2025-09-25 00:00:00,HR,Wi-Fi Issue,Email,Pune,High,Resolved,Agent_12,3.9,8,0,4,Unknown,Low,22,62,High,0.83
1350,2025-10-25 00:00:00,Network Operations,Hardware Failure,Email,Bengaluru,High,Resolved,Agent_07,5.1,8,0,4,Network Congestion,Medium,28,70.6,High,0.84
1351,2026-06-27 00:00:00,IT Support,VPN Access,Phone,Delhi,High,Closed,Agent_07,2.9,8,0,4,Unknown,Low,26,60.3,High,0.74
1352,2026-06-07 00:00:00,HR,Network Connectivity,Portal,Bengaluru,Medium,Closed,Agent_01,6.4,24,0,5,Network Congestion,High,26,60.8,High,0.78
1353,2025-07-27 00:00:00,Sales,Network Connectivity,Email,Gurugram,High,Resolved,Agent_13,2.5,8,0,5,Software Bug,Medium,39,74,High,0.84
1354,2026-05-09 00:00:00,Sales,Network Connectivity,Teams,Delhi,Medium,Escalated,Agent_13,1,24,0,3,Configuration,High,5,57.2,High,0.68
1355,2026-04-13 00:00:00,Operations,VPN Access,Phone,Delhi,Critical,In Progress,Agent_10,1.1,4,0,4,Network Congestion,Medium,80,92.6,Critical,0.99
1356,2025-11-11 00:00:00,Operations,Password Reset,Teams,Mumbai,Critical,Resolved,Agent_05,4.2,4,1,4,Network Congestion,Low,28,83.5,Critical,0.97
1357,2026-02-04 00:00:00,HR,VPN Access,Phone,Pune,High,Resolved,Agent_06,2,8,0,5,Network Congestion,High,20,74.5,High,0.78
1358,2025-12-15 00:00:00,IT Support,Endpoint Performance,Email,Pune,Medium,Resolved,Agent_14,7.3,24,0,5,Hardware,Medium,8,50.2,Medium,0.63
1359,2025-10-06 00:00:00,Engineering,Hardware Failure,Email,Bengaluru,Low,Resolved,Agent_08,17.7,48,0,5,Software Bug,Medium,3,27.6,Low,0.9
1360,2026-03-25 00:00:00,IT Support,Application Error,Email,Pune,High,In Progress,Agent_08,4.3,8,0,4,Hardware,Medium,13,78.4,Critical,0.87
1361,2026-02-22 00:00:00,Finance,Endpoint Performance,Phone,Delhi,Medium,Resolved,Agent_03,19,24,0,3,Hardware,High,7,57,High,0.78
1362,2026-05-05 00:00:00,IT Support,Cloud Access,Portal,Bhopal,Medium,Resolved,Agent_09,17.2,24,0,3,Unknown,High,11,63.4,High,0.82
1363,2025-12-20 00:00:00,Sales,Cloud Access,Email,Gurugram,High,Resolved,Agent_05,5.1,8,0,5,Configuration,High,20,79.6,Critical,0.98
1364,2026-01-06 00:00:00,IT Support,Security Alert,Portal,Pune,Medium,In Progress,Agent_02,1.3,24,0,4,User Error,Medium,21,62.6,High,0.72
1365,2025-10-30 00:00:00,HR,Email Issue,Phone,Gurugram,Medium,Escalated,Agent_02,8.6,24,0,4,Security Policy,Medium,11,47.1,Medium,0.76
1366,2025-08-15 00:00:00,Cybersecurity,Endpoint Performance,Email,Pune,Medium,Resolved,Agent_07,10.5,24,0,3,Access Control,Medium,16,50.8,Medium,0.66
1367,2025-09-02 00:00:00,Finance,Hardware Failure,Email,Indore,Medium,Resolved,Agent_15,5.2,24,0,3,Configuration,Low,12,42.3,Medium,0.7
1368,2025-11-07 00:00:00,HR,VPN Access,Phone,Gurugram,High,Escalated,Agent_10,13.3,8,1,2,Access Control,High,45,73.8,High,0.8
1369,2026-05-06 00:00:00,Operations,Email Issue,Email,Mumbai,High,Closed,Agent_02,9.7,8,1,3,Software Bug,High,13,74.3,High,0.86
1370,2026-06-28 00:00:00,Operations,Cloud Access,Email,Delhi,High,Resolved,Agent_11,8.3,8,1,5,Unknown,High,24,77.1,Critical,0.96
1371,2026-01-09 00:00:00,Finance,Security Alert,Portal,Delhi,High,Resolved,Agent_13,4.4,8,0,5,Access Control,Medium,24,83.2,Critical,0.97
1372,2026-05-03 00:00:00,Engineering,Email Issue,Phone,Mumbai,Critical,Escalated,Agent_12,1,4,0,5,Security Policy,Low,92,94.6,Critical,0.99
1373,2025-12-28 00:00:00,Network Operations,Security Alert,Phone,Gurugram,High,Resolved,Agent_10,1,8,0,5,Software Bug,High,34,89.1,Critical,0.99
1374,2026-04-18 00:00:00,Operations,Hardware Failure,Portal,Gurugram,High,Resolved,Agent_13,2.7,8,0,5,Security Policy,High,20,77.3,Critical,0.91
1375,2026-04-08 00:00:00,Cybersecurity,Cloud Access,Phone,Delhi,Medium,Resolved,Agent_02,8.6,24,0,4,Security Policy,Low,4,35.1,Medium,0.85
1376,2025-07-29 00:00:00,Cybersecurity,Application Error,Teams,Mumbai,High,Resolved,Agent_01,7.4,8,0,4,Hardware,Low,22,70.8,High,0.91
1377,2025-11-26 00:00:00,Operations,VPN Access,Phone,Delhi,High,Closed,Agent_03,1.2,8,0,4,Configuration,High,17,69.7,High,0.74
1378,2026-03-24 00:00:00,IT Support,Application Error,Portal,Bhopal,Low,In Progress,Agent_15,28.7,48,0,5,Security Policy,Medium,56,35,Medium,0.86
1379,2026-04-22 00:00:00,Cybersecurity,Security Alert,Teams,Mumbai,High,Escalated,Agent_06,1.4,8,0,4,Access Control,Medium,16,78.4,Critical,0.87
1380,2025-07-11 00:00:00,Network Operations,Cloud Access,Email,Bhopal,High,Resolved,Agent_11,5.6,8,0,4,Unknown,Medium,28,75.8,Critical,0.96
1381,2025-12-11 00:00:00,Finance,Application Error,Teams,Mumbai,Low,Resolved,Agent_13,5.8,48,0,3,User Error,High,13,42.4,Medium,0.65
1382,2025-10-21 00:00:00,IT Support,Password Reset,Phone,Mumbai,Medium,Closed,Agent_08,3.9,24,0,3,Hardware,Medium,9,54.2,Medium,0.73
1383,2026-01-03 00:00:00,Finance,Wi-Fi Issue,Email,Indore,Medium,Resolved,Agent_10,11.5,24,0,5,Security Policy,Low,6,37.9,Medium,0.77
1384,2026-04-21 00:00:00,Sales,Endpoint Performance,Teams,Pune,High,Resolved,Agent_15,7.3,8,0,4,Software Bug,Low,40,60.7,High,0.77
1385,2026-02-17 00:00:00,Finance,Application Error,Phone,Bhopal,Medium,Resolved,Agent_05,11.8,24,0,4,Network Congestion,Low,6,41.4,Medium,0.71
1386,2026-02-12 00:00:00,Engineering,Hardware Failure,Portal,Indore,Medium,Resolved,Agent_13,8,24,0,4,User Error,High,12,57.4,High,0.68
1387,2026-05-06 00:00:00,Finance,Email Issue,Portal,Bhopal,Medium,In Progress,Agent_01,2.5,24,0,4,Configuration,Low,2,36.2,Medium,0.77
1388,2025-10-06 00:00:00,HR,Wi-Fi Issue,Email,Bengaluru,High,Resolved,Agent_05,1.2,8,0,5,Security Policy,Medium,35,71.6,High,0.82
1389,2025-08-24 00:00:00,Cybersecurity,Hardware Failure,Teams,Pune,High,Escalated,Agent_08,8.5,8,1,3,Security Policy,High,15,84.2,Critical,0.99
1390,2025-10-19 00:00:00,Finance,Hardware Failure,Email,Delhi,Low,Resolved,Agent_11,10.8,48,0,4,User Error,High,17,47.1,Medium,0.7
1391,2025-11-29 00:00:00,Network Operations,Security Alert,Portal,Mumbai,Low,Resolved,Agent_06,5.2,48,0,4,Network Congestion,High,15,57.3,High,0.73
1392,2026-03-03 00:00:00,Network Operations,Hardware Failure,Phone,Bhopal,Medium,Escalated,Agent_06,6.9,24,0,3,Software Bug,High,11,53.6,Medium,0.7
1393,2025-09-07 00:00:00,IT Support,Wi-Fi Issue,Email,Indore,Low,Closed,Agent_11,9.6,48,0,5,Software Bug,Low,9,20.9,Low,0.99
1394,2026-05-08 00:00:00,Engineering,Endpoint Performance,Portal,Bengaluru,High,Escalated,Agent_03,3.7,8,0,4,Software Bug,Medium,40,76.1,Critical,0.99
1395,2026-04-15 00:00:00,HR,VPN Access,Email,Bengaluru,Low,In Progress,Agent_04,3.2,48,0,4,Hardware,High,6,38.2,Medium,0.75
1396,2026-03-07 00:00:00,Operations,Network Connectivity,Phone,Gurugram,Medium,In Progress,Agent_11,7.3,24,0,4,Access Control,Low,6,38.4,Medium,0.73
1397,2025-08-05 00:00:00,Cybersecurity,Hardware Failure,Phone,Delhi,Medium,Resolved,Agent_08,7.3,24,0,4,Unknown,High,5,59.6,High,0.74
1398,2026-02-24 00:00:00,Sales,Application Error,Teams,Pune,Low,Resolved,Agent_07,13.8,48,0,4,Unknown,Medium,4,20.9,Low,0.87
1399,2025-11-25 00:00:00,HR,Security Alert,Teams,Bhopal,Medium,Resolved,Agent_02,2.5,24,0,4,Access Control,High,8,80.2,Critical,0.87
1400,2026-02-12 00:00:00,Cybersecurity,Application Error,Teams,Delhi,High,Closed,Agent_11,15,8,1,3,Software Bug,High,22,85.3,Critical,0.99
1401,2026-03-01 00:00:00,Finance,Network Connectivity,Phone,Gurugram,Medium,Closed,Agent_09,6,24,0,5,Access Control,Low,7,39.8,Medium,0.87
1402,2026-06-02 00:00:00,Sales,Endpoint Performance,Teams,Bengaluru,High,Closed,Agent_15,8.1,8,1,3,Configuration,Medium,26,76,Critical,0.92
1403,2026-06-30 00:00:00,Engineering,Endpoint Performance,Portal,Pune,Medium,Resolved,Agent_08,4.1,24,0,3,Security Policy,Medium,15,54.2,Medium,0.65
1404,2026-01-17 00:00:00,Cybersecurity,Email Issue,Portal,Delhi,Medium,In Progress,Agent_06,5,24,0,3,Hardware,High,10,55.4,High,0.79
1405,2025-12-01 00:00:00,IT Support,Cloud Access,Email,Delhi,Medium,Escalated,Agent_15,11.9,24,0,3,Access Control,Medium,5,47.1,Medium,0.69
1406,2025-09-11 00:00:00,Network Operations,Wi-Fi Issue,Email,Gurugram,Medium,In Progress,Agent_03,7.2,24,0,4,Security Policy,Low,2,36.2,Medium,0.77
1407,2026-01-17 00:00:00,Finance,Email Issue,Portal,Pune,Medium,Resolved,Agent_12,3.8,24,0,5,Software Bug,High,38,59.2,High,0.83
1408,2026-04-22 00:00:00,IT Support,Network Connectivity,Email,Delhi,Critical,Resolved,Agent_13,1.5,4,0,5,Unknown,High,74,100,Critical,0.99
1409,2025-07-17 00:00:00,Cybersecurity,Network Connectivity,Phone,Pune,Low,Escalated,Agent_04,15.2,48,0,3,Configuration,High,5,51.3,Medium,0.6
1410,2025-11-06 00:00:00,Network Operations,Endpoint Performance,Teams,Mumbai,Medium,Escalated,Agent_14,7.6,24,0,3,User Error,Medium,3,44.7,Medium,0.71
1411,2026-02-02 00:00:00,Network Operations,VPN Access,Teams,Bhopal,Low,In Progress,Agent_15,11.7,48,0,5,Hardware,High,12,45.3,Medium,0.68
1412,2025-08-30 00:00:00,Operations,VPN Access,Portal,Delhi,High,Resolved,Agent_09,5.3,8,0,4,Configuration,Medium,24,63.9,High,0.74
1413,2025-10-12 00:00:00,Finance,Endpoint Performance,Teams,Indore,Low,Escalated,Agent_08,9.6,48,0,4,Security Policy,High,8,43.9,Medium,0.72
1414,2025-08-11 00:00:00,Operations,Endpoint Performance,Email,Indore,Critical,In Progress,Agent_05,1,4,0,5,Software Bug,Medium,90,99.6,Critical,0.99
1415,2025-07-25 00:00:00,IT Support,Application Error,Teams,Mumbai,Medium,Resolved,Agent_12,8.4,24,0,4,User Error,High,13,59,High,0.69
1416,2025-08-08 00:00:00,HR,Hardware Failure,Email,Bengaluru,High,Closed,Agent_10,4.7,8,0,3,User Error,Medium,25,69.5,High,0.84
1417,2026-04-17 00:00:00,Sales,Endpoint Performance,Portal,Delhi,Medium,Resolved,Agent_09,10.7,24,0,4,Hardware,Low,13,35.7,Medium,0.77
1418,2025-11-08 00:00:00,Engineering,Email Issue,Portal,Bhopal,Low,In Progress,Agent_09,18.8,48,0,4,Software Bug,Medium,8,32.2,Low,0.83
1419,2026-02-14 00:00:00,Engineering,Network Connectivity,Phone,Bengaluru,Medium,Resolved,Agent_01,21.7,24,0,4,Access Control,Low,24,36.8,Medium,0.74
1420,2025-10-16 00:00:00,Operations,Cloud Access,Email,Pune,Medium,In Progress,Agent_09,9.5,24,0,4,Unknown,Medium,5,54.5,Medium,0.66
1421,2025-12-19 00:00:00,HR,Security Alert,Phone,Bengaluru,High,In Progress,Agent_12,1.4,8,0,5,User Error,High,39,94.7,Critical,0.99
1422,2025-10-10 00:00:00,Operations,VPN Access,Email,Bengaluru,Medium,Resolved,Agent_09,1,24,0,4,User Error,Low,10,46.6,Medium,0.72
1423,2026-06-19 00:00:00,HR,Password Reset,Teams,Delhi,Critical,Resolved,Agent_03,3.6,4,0,4,Unknown,Medium,110,96.6,Critical,0.99
1424,2025-07-12 00:00:00,Operations,Password Reset,Teams,Bhopal,Medium,Closed,Agent_12,1,24,0,4,Network Congestion,Medium,5,46.8,Medium,0.67
1425,2026-04-01 00:00:00,Sales,Wi-Fi Issue,Phone,Gurugram,Medium,Resolved,Agent_09,3.4,24,0,4,Software Bug,Medium,8,49.4,Medium,0.73
1426,2025-10-09 00:00:00,Sales,Cloud Access,Phone,Bengaluru,Medium,Resolved,Agent_12,3.2,24,0,5,Hardware,High,9,62.2,High,0.77
1427,2025-08-13 00:00:00,Engineering,Password Reset,Email,Pune,Medium,Resolved,Agent_02,1,24,0,4,Configuration,Medium,8,49.3,Medium,0.74
1428,2026-05-01 00:00:00,HR,Endpoint Performance,Portal,Mumbai,Low,Closed,Agent_02,4.3,48,0,3,Configuration,Medium,47,44.4,Medium,0.7
1429,2025-07-17 00:00:00,Engineering,Cloud Access,Portal,Bhopal,Medium,In Progress,Agent_06,7.7,24,0,5,Configuration,Low,14,38.2,Medium,0.74
1430,2026-05-26 00:00:00,Finance,Email Issue,Phone,Delhi,High,Closed,Agent_05,1.6,8,0,5,Access Control,High,34,78.2,Critical,0.94
1431,2025-08-26 00:00:00,Operations,Cloud Access,Phone,Gurugram,Medium,Escalated,Agent_02,5.4,24,0,5,Hardware,Low,10,42.2,Medium,0.74
1432,2026-05-07 00:00:00,HR,VPN Access,Phone,Indore,Medium,Resolved,Agent_13,9.3,24,0,5,Security Policy,Low,4,32.4,Low,0.77
1433,2026-04-29 00:00:00,Finance,Security Alert,Teams,Indore,Medium,Resolved,Agent_02,13.6,24,0,5,Hardware,Low,34,50.3,Medium,0.64
1434,2025-07-12 00:00:00,Cybersecurity,Password Reset,Teams,Delhi,Low,Resolved,Agent_03,1,48,0,3,Unknown,Low,6,19.7,Low,0.98
1435,2026-05-14 00:00:00,Engineering,Application Error,Phone,Pune,Medium,Resolved,Agent_09,3.4,24,0,5,Security Policy,Low,15,44.8,Medium,0.73
1436,2025-09-18 00:00:00,Operations,Application Error,Teams,Pune,Medium,In Progress,Agent_09,7.3,24,0,4,User Error,Medium,8,47.6,Medium,0.77
1437,2026-02-01 00:00:00,HR,Cloud Access,Portal,Mumbai,High,Escalated,Agent_09,5.2,8,0,4,Unknown,Low,21,65.7,High,0.81
1438,2026-06-04 00:00:00,Finance,Hardware Failure,Email,Gurugram,High,Escalated,Agent_01,3,8,0,5,Access Control,Medium,18,63.9,High,0.77
1439,2026-03-21 00:00:00,Sales,Hardware Failure,Teams,Indore,Medium,Resolved,Agent_06,14.8,24,0,5,Hardware,Medium,4,41.2,Medium,0.65
1440,2025-11-26 00:00:00,HR,Network Connectivity,Teams,Pune,High,Resolved,Agent_06,1,8,0,5,User Error,High,22,81.7,Critical,0.92
1441,2025-09-19 00:00:00,Finance,Security Alert,Email,Gurugram,Medium,Escalated,Agent_11,13,24,0,4,Unknown,Medium,6,63.1,High,0.74
1442,2026-01-31 00:00:00,IT Support,Application Error,Phone,Pune,Medium,In Progress,Agent_14,3.5,24,0,5,Unknown,Low,8,40.6,Medium,0.75
1443,2026-01-14 00:00:00,Engineering,Cloud Access,Teams,Indore,Medium,Escalated,Agent_13,9.4,24,0,4,User Error,High,11,53,Medium,0.74
1444,2026-01-16 00:00:00,Sales,Network Connectivity,Email,Gurugram,Critical,Resolved,Agent_14,6.2,4,1,2,Hardware,High,47,100,Critical,0.99
1445,2025-07-25 00:00:00,Operations,VPN Access,Email,Bhopal,Medium,Escalated,Agent_06,5.1,24,0,3,User Error,Low,5,36.1,Medium,0.81
1446,2025-09-27 00:00:00,Finance,Wi-Fi Issue,Portal,Mumbai,Medium,Resolved,Agent_14,18.5,24,0,4,Access Control,Medium,15,53.7,Medium,0.7
1447,2026-03-25 00:00:00,Sales,Password Reset,Email,Mumbai,Medium,Escalated,Agent_01,15.7,24,0,4,User Error,High,4,66.7,High,0.78
1448,2025-11-20 00:00:00,Cybersecurity,Email Issue,Phone,Bhopal,Low,Resolved,Agent_10,12.9,48,0,4,Software Bug,Medium,8,32.8,Low,0.85
1449,2025-08-28 00:00:00,Operations,Wi-Fi Issue,Portal,Mumbai,High,Resolved,Agent_09,10.7,8,1,4,Access Control,Medium,19,73.7,High,0.89
1450,2026-06-30 00:00:00,Sales,VPN Access,Teams,Gurugram,High,Resolved,Agent_02,3,8,0,5,User Error,High,28,84.8,Critical,0.99
1451,2025-07-26 00:00:00,Cybersecurity,VPN Access,Email,Indore,Medium,Escalated,Agent_13,12.6,24,0,5,Hardware,Low,18,49.3,Medium,0.66
1452,2025-08-16 00:00:00,HR,Network Connectivity,Phone,Bengaluru,Low,Escalated,Agent_05,6.2,48,0,3,Software Bug,Low,18,27.2,Low,0.89
1453,2026-04-14 00:00:00,Finance,Password Reset,Email,Bengaluru,High,Resolved,Agent_10,2.9,8,0,3,Access Control,Medium,23,76.5,Critical,0.9
1454,2026-03-23 00:00:00,HR,Application Error,Portal,Pune,High,Resolved,Agent_12,9.4,8,1,4,Unknown,Medium,40,71.3,High,0.87
1455,2025-07-16 00:00:00,Network Operations,Endpoint Performance,Teams,Pune,Medium,Resolved,Agent_09,4.4,24,0,4,Unknown,High,17,64.6,High,0.73
1456,2026-01-15 00:00:00,IT Support,Password Reset,Teams,Indore,Medium,Resolved,Agent_07,7.6,24,0,5,Access Control,High,12,55.5,High,0.76
1457,2026-04-08 00:00:00,HR,Endpoint Performance,Phone,Mumbai,Critical,In Progress,Agent_02,1.2,4,0,5,Software Bug,High,64,100,Critical,0.99
1458,2025-09-24 00:00:00,HR,Endpoint Performance,Teams,Pune,Low,Resolved,Agent_11,11,48,0,5,Hardware,High,34,34.4,Low,0.79
1459,2026-03-07 00:00:00,Cybersecurity,Hardware Failure,Teams,Gurugram,Medium,In Progress,Agent_11,8.1,24,0,5,Configuration,Medium,7,51.8,Medium,0.64
1460,2026-03-27 00:00:00,Network Operations,Security Alert,Phone,Delhi,Critical,Resolved,Agent_06,3.6,4,0,5,Access Control,Medium,98,100,Critical,0.99
1461,2026-05-31 00:00:00,Cybersecurity,VPN Access,Phone,Pune,Medium,In Progress,Agent_13,5.4,24,0,3,Configuration,Low,2,29.2,Low,0.88
1462,2025-10-25 00:00:00,Engineering,Hardware Failure,Teams,Mumbai,Medium,Resolved,Agent_12,5.1,24,0,4,Access Control,Medium,12,38.4,Medium,0.74
1463,2025-07-07 00:00:00,Sales,Cloud Access,Teams,Mumbai,Medium,Resolved,Agent_13,16.3,24,0,4,User Error,Low,16,47.5,Medium,0.7
1464,2025-11-14 00:00:00,Operations,Application Error,Phone,Gurugram,Medium,Resolved,Agent_09,5.8,24,0,5,Hardware,Low,9,41.5,Medium,0.77
1465,2025-12-23 00:00:00,HR,Endpoint Performance,Portal,Indore,Medium,Resolved,Agent_05,12.3,24,0,4,Hardware,Low,31,31.4,Low,0.74
1466,2026-05-24 00:00:00,Engineering,Security Alert,Teams,Indore,High,Escalated,Agent_15,2.3,8,0,4,Hardware,Low,15,76.4,Critical,0.91
1467,2026-05-11 00:00:00,Finance,Endpoint Performance,Email,Indore,Medium,Resolved,Agent_02,10,24,0,3,Software Bug,Medium,19,46.7,Medium,0.68
1468,2026-01-31 00:00:00,Sales,Password Reset,Email,Bengaluru,Low,Resolved,Agent_09,4.8,48,0,5,Security Policy,Medium,61,31,Low,0.87
1469,2025-09-20 00:00:00,Engineering,Email Issue,Teams,Delhi,Medium,Resolved,Agent_07,12.7,24,0,4,Hardware,Low,9,43.6,Medium,0.71
1470,2026-02-08 00:00:00,Cybersecurity,Security Alert,Teams,Delhi,Medium,Resolved,Agent_12,5.2,24,0,4,Security Policy,High,12,78,Critical,0.94
1471,2025-10-11 00:00:00,Operations,Cloud Access,Email,Pune,Medium,Escalated,Agent_01,12.5,24,0,3,Software Bug,High,11,63.8,High,0.84
1472,2026-03-30 00:00:00,Cybersecurity,Cloud Access,Portal,Pune,Medium,In Progress,Agent_10,2.9,24,0,4,Security Policy,Low,7,49.2,Medium,0.7
1473,2025-07-14 00:00:00,HR,VPN Access,Portal,Bengaluru,Medium,Resolved,Agent_07,4.7,24,0,5,User Error,Medium,9,51.9,Medium,0.72
1474,2025-12-06 00:00:00,Operations,Security Alert,Portal,Bengaluru,Medium,Resolved,Agent_11,1,24,0,3,Unknown,Medium,33,67.8,High,0.79
1475,2025-11-29 00:00:00,Finance,Network Connectivity,Teams,Indore,Medium,Escalated,Agent_14,4,24,0,4,User Error,High,23,56.6,High,0.7
1476,2025-10-16 00:00:00,Network Operations,Hardware Failure,Phone,Mumbai,High,Escalated,Agent_13,5.9,8,0,4,Configuration,Medium,36,76.9,Critical,0.93
1477,2026-01-04 00:00:00,Sales,Password Reset,Portal,Gurugram,Medium,Escalated,Agent_01,4.3,24,0,4,Unknown,Medium,4,49.1,Medium,0.67
1478,2026-04-27 00:00:00,Operations,Application Error,Email,Pune,Medium,Escalated,Agent_02,1,24,0,5,Unknown,High,2,56.5,High,0.75
1479,2025-10-06 00:00:00,Sales,Wi-Fi Issue,Teams,Mumbai,Medium,In Progress,Agent_02,8.8,24,0,4,Hardware,Medium,20,48.5,Medium,0.66
1480,2025-11-08 00:00:00,Operations,Application Error,Email,Indore,Low,Escalated,Agent_05,16.1,48,0,5,Software Bug,High,2,45.3,Medium,0.72
1481,2026-04-19 00:00:00,Engineering,Wi-Fi Issue,Teams,Bhopal,Medium,Resolved,Agent_14,6.3,24,0,4,Unknown,Low,8,43.5,Medium,0.76
1482,2025-12-18 00:00:00,Sales,Hardware Failure,Email,Gurugram,Medium,Resolved,Agent_06,4.7,24,0,4,Network Congestion,Medium,9,50.6,Medium,0.66
1483,2025-12-30 00:00:00,Finance,Network Connectivity,Portal,Pune,Medium,Resolved,Agent_06,3.4,24,0,5,Network Congestion,Medium,17,57.3,High,0.73
1484,2026-06-29 00:00:00,Network Operations,Network Connectivity,Phone,Mumbai,Low,Escalated,Agent_04,5.3,48,0,5,Hardware,Medium,5,25.3,Low,0.92
1485,2025-08-08 00:00:00,Network Operations,VPN Access,Portal,Mumbai,Medium,Closed,Agent_15,5.5,24,0,5,Network Congestion,Medium,4,53.6,Medium,0.72
1486,2025-07-15 00:00:00,Engineering,Security Alert,Portal,Delhi,Critical,Escalated,Agent_08,2.7,4,0,3,Configuration,High,100,100,Critical,0.99
1487,2025-07-04 00:00:00,Sales,VPN Access,Phone,Bhopal,Medium,Escalated,Agent_13,12,24,0,5,User Error,High,5,54.7,Medium,0.73
1488,2026-06-14 00:00:00,Network Operations,Application Error,Phone,Mumbai,High,Closed,Agent_03,6.2,8,0,3,Network Congestion,Medium,30,75.1,Critical,0.88
1489,2026-01-26 00:00:00,Operations,VPN Access,Email,Delhi,Medium,Resolved,Agent_10,5.4,24,0,5,Software Bug,Medium,9,49.5,Medium,0.74
1490,2025-12-08 00:00:00,Sales,Network Connectivity,Teams,Indore,High,Closed,Agent_12,1,8,0,3,Hardware,Medium,37,70.9,High,0.83
1491,2025-07-16 00:00:00,IT Support,Endpoint Performance,Teams,Indore,Medium,Resolved,Agent_07,3.9,24,0,4,Software Bug,Low,28,53.4,Medium,0.73
1492,2025-10-16 00:00:00,Operations,Network Connectivity,Portal,Pune,Medium,In Progress,Agent_06,1.5,24,0,4,User Error,High,10,61.1,High,0.73
1493,2026-05-07 00:00:00,HR,Email Issue,Email,Mumbai,Medium,Resolved,Agent_05,22.5,24,0,4,Unknown,High,6,48.7,Medium,0.7
1494,2026-02-12 00:00:00,Operations,Cloud Access,Phone,Gurugram,Medium,In Progress,Agent_06,10,24,0,4,Access Control,Low,8,37.2,Medium,0.82
1495,2025-12-17 00:00:00,Sales,Security Alert,Teams,Indore,High,Escalated,Agent_09,2,8,0,4,Hardware,Medium,30,89.7,Critical,0.99
1496,2025-08-03 00:00:00,Finance,Application Error,Teams,Bhopal,Medium,In Progress,Agent_11,2,24,0,3,Unknown,Low,8,38.8,Medium,0.75
1497,2026-03-08 00:00:00,Sales,Wi-Fi Issue,Email,Indore,High,In Progress,Agent_05,1.8,8,0,5,Access Control,Medium,20,72.8,High,0.87
1498,2026-03-04 00:00:00,Engineering,Hardware Failure,Email,Indore,Medium,Resolved,Agent_06,7.6,24,0,4,Security Policy,High,5,52.5,Medium,0.65
1499,2026-03-26 00:00:00,IT Support,Application Error,Phone,Gurugram,High,Resolved,Agent_03,11.3,8,1,3,Security Policy,Medium,36,70.6,High,0.87
1500,2025-11-18 00:00:00,Network Operations,Cloud Access,Email,Bengaluru,Medium,Resolved,Agent_05,7.9,24,0,3,Hardware,High,30,70.3,High,0.88
